id,user_id,date,description,amount,category,created_at
b4b6fea4-1b5f-4a4f-88fc-b9c743722814,f38b2ffc-80a4-4f5a-91c9-bc701e7ea419,2025-10-01,Debiet Order Huur Rental,-7800.0,Rent,2025-11-01 18:20:03.515824
7607dbbd-68cf-4094-a4df-024d52142836,f38b2ffc-80a4-4f5a-91c9-bc701e7ea419,2025-10-02,IB Transfer To Acc *4417,-1500.0,Transfers,2025-11-01 18:20:03.515824
6c58b6fe-dfa4-4f05-9b16-8c502ef5b611,f38b2ffc-80a4-4f5a-91c9-bc701e7ea419,2025-10-03,Debiet Order Discovery Insure,-1250.0,Insurance,2025-11-01 18:20:03.515824
12bfa34a-1c46-41d7-bb6d-939edbd6ec84,f38b2ffc-80a4-4f5a-91c9-bc701e7ea419,2025-10-03,POS Aankope Woolworths Food Wa,-208.98,Groceries,2025-11-01 18:20:03.515824
19cf945f-ad9e-4d87-af50-9986d9f7c437,f38b2ffc-80a4-4f5a-91c9-bc701e7ea419,2025-10-04,POS Aankope Woolworths Food Wa,-448.82,Groceries,2025-11-01 18:20:03.515824
1d8eb904-b9d1-40f0-8812-eed2f4cb34b4,f38b2ffc-80a4-4f5a-91c9-bc701e7ea419,2025-10-05,Debiet Order Virgin Active,-499.0,Gym,2025-11-01 18:20:03.515824
64e10f37-e087-4bec-abb7-e950e426b810,f38b2ffc-80a4-4f5a-91c9-bc701e7ea419,2025-10-05,Hatfield Parking,-16.12,Parking,2025-11-01 18:20:03.515824
59b1b4a9-48a3-44b3-83f9-e9928ce6f210,f38b2ffc-80a4-4f5a-91c9-bc701e7ea419,2025-10-05,POS AANKOPE BP CENTURION,-515.82,Fuel,2025-11-01 18:20:03.515824
f019f028-a02a-4f50-8d73-18ac59273f03,f38b2ffc-80a4-4f5a-91c9-bc701e7ea419,2025-10-05,POS Aankope Engen Garsfontein,-555.66,Fuel,2025-11-01 18:20:03.515824
a23a3dda-4159-4ecc-a149-5c93b2119de3,f38b2ffc-80a4-4f5a-91c9-bc701e7ea419,2025-10-05,POS Purchase KFC Lyttelton,-91.19,Food & Dining,2025-11-01 18:20:03.515824
7d0df521-5492-400c-9fae-0713117a913d,f38b2ffc-80a4-4f5a-91c9-bc701e7ea419,2025-10-05,POS Purchase PEP Home,-623.42,Shopping,2025-11-01 18:20:03.515824
306ab8d1-c6ce-4d5c-8575-e3800dc4ed94,f38b2ffc-80a4-4f5a-91c9-bc701e7ea419,2025-10-06,Bolt Ride,-145.04,Travel,2025-11-01 18:20:03.515824
9e41841d-076b-408c-92b5-3ce6463e75f7,f38b2ffc-80a4-4f5a-91c9-bc701e7ea419,2025-10-07,Debiet Order Webafrica Fibre,-899.0,Internet & Subscriptions,2025-11-01 18:20:03.515824
ea0935c3-bf57-4199-b83b-5f46891d2901,f38b2ffc-80a4-4f5a-91c9-bc701e7ea419,2025-10-07,POS AANKOPE VIDA E CAFFE,-97.27,Food & Dining,2025-11-01 18:20:03.515824
f9fa514e-f6cb-4c73-9ed3-e91e977e218d,f38b2ffc-80a4-4f5a-91c9-bc701e7ea419,2025-10-09,Netflix.com,-199.0,Internet & Subscriptions,2025-11-01 18:20:03.515824
fe13be4a-a340-4bac-b86b-7dff4d478cf2,f38b2ffc-80a4-4f5a-91c9-bc701e7ea419,2025-10-11,Spotify,-79.99,Internet & Subscriptions,2025-11-01 18:20:03.515824
9f93026b-ef59-47ae-8ef4-8f049706dc79,f38b2ffc-80a4-4f5a-91c9-bc701e7ea419,2025-10-12,POS Aankope Spur Hazelwood,-157.11,Food & Dining,2025-11-01 18:20:03.515824
e8353a03-a1e3-4369-9a41-e82b106dac92,f38b2ffc-80a4-4f5a-91c9-bc701e7ea419,2025-10-12,SHOPRITE CENTURION,-507.29,Groceries,2025-11-01 18:20:03.515824
7d353e5a-00db-4e66-9770-a9611a258e68,f38b2ffc-80a4-4f5a-91c9-bc701e7ea419,2025-10-13,POS Purchase PayFast *Online,-105.44,Other,2025-11-01 18:20:03.515824
4351c44a-d207-498e-9140-bdd9064caa0c,f38b2ffc-80a4-4f5a-91c9-bc701e7ea419,2025-10-15,POS AANKOPE PICK N PAY BROOKLY,-386.18,Groceries,2025-11-01 18:20:03.515824
968316c8-4312-4efb-8bb2-27527a921869,f38b2ffc-80a4-4f5a-91c9-bc701e7ea419,2025-10-15,POS Aankope Debonairs Pizza,-323.12,Food & Dining,2025-11-01 18:20:03.515824
20a1a3ca-a7c4-4e68-9435-69c8cc81c1d7,f38b2ffc-80a4-4f5a-91c9-bc701e7ea419,2025-10-15,POS Aankope Telkom Mobile Data,-142.42,Airtime & Data,2025-11-01 18:20:03.515824
4ae49e93-de25-48af-b1df-f45208b1d1c1,f38b2ffc-80a4-4f5a-91c9-bc701e7ea419,2025-10-15,POS Purchase Medirite Pharmacy,-354.67,Health & Pharmacy,2025-11-01 18:20:03.515824
f14b6e18-c439-43e1-87df-6d18d93114ae,f38b2ffc-80a4-4f5a-91c9-bc701e7ea419,2025-10-16,Elektroniese Oorbetaling Ma,-600.0,Family,2025-11-01 18:20:03.515824
973a628b-b7de-44ae-b8b9-0bc848b330e1,f38b2ffc-80a4-4f5a-91c9-bc701e7ea419,2025-10-18,POS AANKOPE DSTV SHOWMAX RENTA,-354.14,Entertainment,2025-11-01 18:20:03.515824
05dd4e4f-8613-4c83-b9f8-2e2b100f54cd,f38b2ffc-80a4-4f5a-91c9-bc701e7ea419,2025-10-18,POS Aankope Shoprite Centurion,-440.67,Groceries,2025-11-01 18:20:03.515824
3b9639ee-e1a3-4974-acfc-87b058204668,f38b2ffc-80a4-4f5a-91c9-bc701e7ea419,2025-10-18,POS PURCHASE ENGEN GARSFONTEIN,-572.31,Fuel,2025-11-01 18:20:03.515824
08349bef-bf68-417c-a295-592a5698c04a,f38b2ffc-80a4-4f5a-91c9-bc701e7ea419,2025-10-18,Vida e Caffe,-126.04,Food & Dining,2025-11-01 18:20:03.515824
d66af074-1a9c-4504-90fb-094910983c42,f38b2ffc-80a4-4f5a-91c9-bc701e7ea419,2025-10-19,POS Purchase Pick n Pay Brookl,-587.32,Groceries,2025-11-01 18:20:03.515824
50c0bdee-6388-4df3-88c2-146e95ce48c2,f38b2ffc-80a4-4f5a-91c9-bc701e7ea419,2025-10-20,POS Aankope Hatfield Parking,-16.43,Parking,2025-11-01 18:20:03.515824
3f47c229-0abc-46f9-8f08-d75524c86e07,f38b2ffc-80a4-4f5a-91c9-bc701e7ea419,2025-10-20,POS Purchase MTN Prepaid Data,-97.09,Airtime & Data,2025-11-01 18:20:03.515824
86fc27ef-6655-4112-8b65-2603a466091b,f38b2ffc-80a4-4f5a-91c9-bc701e7ea419,2025-10-20,Telkom Mobile Data,-188.63,Airtime & Data,2025-11-01 18:20:03.515824
ea2a98e8-0091-41ab-a7a0-dac146243f1d,f38b2ffc-80a4-4f5a-91c9-bc701e7ea419,2025-10-21,City of Tshwane Prepaid Elec,-617.0,Utilities,2025-11-01 18:20:03.515824
c0017970-085b-4e52-8fa5-804133a78631,f38b2ffc-80a4-4f5a-91c9-bc701e7ea419,2025-10-22,POS AANKOPE SHOPRITE CENTURION,-195.09,Groceries,2025-11-01 18:20:03.515824
19704788-4929-42d7-a1c5-4fba75cca9ee,f38b2ffc-80a4-4f5a-91c9-bc701e7ea419,2025-10-23,KFC Lyttelton,-318.67,Food & Dining,2025-11-01 18:20:03.515824
947f2480-4c95-4ed0-a078-fb9f5d21fe5e,f38b2ffc-80a4-4f5a-91c9-bc701e7ea419,2025-10-23,POS Purchase Parkade Menlyn,-15.63,Parking,2025-11-01 18:20:03.515824
05f4eac0-743c-4867-95e0-49af79557d0d,f38b2ffc-80a4-4f5a-91c9-bc701e7ea419,2025-10-25,KFC Lyttelton,-287.06,Food & Dining,2025-11-01 18:20:03.515824
621d0823-3b26-4d0d-bb0a-c14355d890b7,f38b2ffc-80a4-4f5a-91c9-bc701e7ea419,2025-10-25,POS Aankope TotalEnergies N1,-577.61,Fuel,2025-11-01 18:20:03.515824
f6985632-2558-4187-a0c7-68595459bd9c,f38b2ffc-80a4-4f5a-91c9-bc701e7ea419,2025-10-25,Salaris Kredietoorbetaling,29898.41,Income,2025-11-01 18:20:03.515824
0fb91236-b553-4dff-8298-873bae11aaf8,f38b2ffc-80a4-4f5a-91c9-bc701e7ea419,2025-10-26,Ocean Basket,-143.97,Food & Dining,2025-11-01 18:20:03.515824
188f29b2-feab-40af-9ca6-8c700f4d4b3a,f38b2ffc-80a4-4f5a-91c9-bc701e7ea419,2025-10-26,PARKADE MENLYN,-14.86,Parking,2025-11-01 18:20:03.515824
7136ace2-db1e-47a1-8da1-24430504f7f2,f38b2ffc-80a4-4f5a-91c9-bc701e7ea419,2025-10-26,Savings Transfer,-1500.0,Savings,2025-11-01 18:20:03.515824
0b153807-39bc-4699-b5a5-1fa152d01f30,f38b2ffc-80a4-4f5a-91c9-bc701e7ea419,2025-10-27,City of Tshwane Prepaid Elec,-622.0,Utilities,2025-11-01 18:20:03.515824
c1a565e4-030e-4201-b165-b9307fa896ec,f38b2ffc-80a4-4f5a-91c9-bc701e7ea419,2025-10-27,POS Aankope Vida e Caffe,-247.63,Food & Dining,2025-11-01 18:20:03.515824
b79d201c-0318-4f04-896a-8390b091d933,f38b2ffc-80a4-4f5a-91c9-bc701e7ea419,2025-10-28,Shoprite Centurion,-442.4,Groceries,2025-11-01 18:20:03.515824
5833380f-1d13-427c-a533-4da3fb748079,f38b2ffc-80a4-4f5a-91c9-bc701e7ea419,2025-10-28,Spar Garsfontein,-297.63,Groceries,2025-11-01 18:20:03.515824
9ad8858f-7f43-4676-b731-6200b0812779,f38b2ffc-80a4-4f5a-91c9-bc701e7ea419,2025-10-29,POS AANKOPE KFC LYTTELTON,-226.65,Food & Dining,2025-11-01 18:20:03.515824
1907bff9-e2d9-497f-bfcc-8542dd67ee30,f38b2ffc-80a4-4f5a-91c9-bc701e7ea419,2025-10-29,POS Aankope Admyt Parking,-26.91,Parking,2025-11-01 18:20:03.515824
2206b3b6-73d2-466a-98a7-350b0357f2c2,f38b2ffc-80a4-4f5a-91c9-bc701e7ea419,2025-10-29,POS Aankope Ocean Basket,-149.46,Food & Dining,2025-11-01 18:20:03.515824
c0552270-1fb5-4342-baa8-d87ee5f71813,f38b2ffc-80a4-4f5a-91c9-bc701e7ea419,2025-10-29,Yoco *Coffee Shop,-297.51,Food & Dining,2025-11-01 18:20:03.515824
4d767c3a-21b0-4417-ab2d-204477dfeb73,f38b2ffc-80a4-4f5a-91c9-bc701e7ea419,2025-10-30,POS Aankope Admyt Parking,-20.06,Parking,2025-11-01 18:20:03.515824
950af19d-d429-4eb0-919a-8c8bbc26eaa5,f38b2ffc-80a4-4f5a-91c9-bc701e7ea419,2025-10-30,Woolworths Food Waterkloof,-292.97,Groceries,2025-11-01 18:20:03.515824
90575711-4890-4c5b-9354-ac97cf53de0f,f38b2ffc-80a4-4f5a-91c9-bc701e7ea419,2025-10-31,Monthly Account Fee,-69.0,Bank Fees,2025-11-01 18:20:03.515824
471a44f7-0e65-44d7-829e-e2b9df945f35,f38b2ffc-80a4-4f5a-91c9-bc701e7ea419,2025-10-31,Mr D Food,-199.06,Food & Dining,2025-11-01 18:20:03.515824
b6cd1524-9184-4049-a43b-3c595fc415e3,f38b2ffc-80a4-4f5a-91c9-bc701e7ea419,2025-11-01,Debiet Order Huur Rental,-7800.0,Rent,2025-12-01 18:20:03.515824
c9257e3d-168c-40c0-a725-14e43ec48ea8,f38b2ffc-80a4-4f5a-91c9-bc701e7ea419,2025-11-01,POS AANKOPE VIDA E CAFFE,-177.82,Food & Dining,2025-12-01 18:20:03.515824
9318536d-322d-4986-977b-1cf4304e6169,f38b2ffc-80a4-4f5a-91c9-bc701e7ea419,2025-11-01,POS Aankope Admyt Parking,-21.8,Parking,2025-12-01 18:20:03.515824
b0aedc1a-0148-48a2-87ca-8a63f8156257,f38b2ffc-80a4-4f5a-91c9-bc701e7ea419,2025-11-01,POS Aankope Yoco *Market Stall,-61.13,Other,2025-12-01 18:20:03.515824
6d62ab90-27b3-4145-b853-ec7ba504aa62,f38b2ffc-80a4-4f5a-91c9-bc701e7ea419,2025-11-02,POS Aankope Mr D Food,-130.28,Food & Dining,2025-12-01 18:20:03.515824
099a27cc-44a3-4440-bbe4-a64e448e62a3,f38b2ffc-80a4-4f5a-91c9-bc701e7ea419,2025-11-02,POS PURCHASE PEP HOME,-513.87,Shopping,2025-12-01 18:20:03.515824
85c2618f-1da5-496c-8fc2-5541a1953d0c,f38b2ffc-80a4-4f5a-91c9-bc701e7ea419,2025-11-03,Debiet Order Discovery Insure,-1250.0,Insurance,2025-12-01 18:20:03.515824
a1f00432-5476-4c1f-9a18-f6cb6c728a2e,f38b2ffc-80a4-4f5a-91c9-bc701e7ea419,2025-11-03,POS Aankope Clicks Pharmacy,-203.37,Health & Pharmacy,2025-12-01 18:20:03.515824
e90a0aa7-0953-4d97-a4e1-662134d68ab2,f38b2ffc-80a4-4f5a-91c9-bc701e7ea419,2025-11-03,POS Aankope Shoprite Centurion,-428.33,Groceries,2025-12-01 18:20:03.515824
c4d98c79-6492-4f02-9bd2-8a486164c999,f38b2ffc-80a4-4f5a-91c9-bc701e7ea419,2025-11-04,EFT Mom,-600.0,Family,2025-12-01 18:20:03.515824
2d2163fe-36bf-4f84-9e10-115cf6708dc9,f38b2ffc-80a4-4f5a-91c9-bc701e7ea419,2025-11-04,POS AANKOPE NANDOS BROOKLYN,-92.03,Food & Dining,2025-12-01 18:20:03.515824
b95fa590-9a57-4b8a-8416-e272d464b504,f38b2ffc-80a4-4f5a-91c9-bc701e7ea419,2025-11-04,POS Aankope Ocean Basket,-207.73,Food & Dining,2025-12-01 18:20:03.515824
a1539ece-6131-415f-88b0-0d99f1255908,f38b2ffc-80a4-4f5a-91c9-bc701e7ea419,2025-11-05,Cash Withdrawal Fee,-12.5,Bank Fees,2025-12-01 18:20:03.515824
d1052c9c-b238-422b-a455-86a85b56e44d,f38b2ffc-80a4-4f5a-91c9-bc701e7ea419,2025-11-05,Debiet Order Virgin Active,-499.0,Gym,2025-12-01 18:20:03.515824
b39b1ac0-ac04-49c8-aa5c-c4c56aa0eba9,f38b2ffc-80a4-4f5a-91c9-bc701e7ea419,2025-11-05,PEP Home,-481.6,Shopping,2025-12-01 18:20:03.515824
5c0913d6-9531-4b08-92db-ccda7caf0683,f38b2ffc-80a4-4f5a-91c9-bc701e7ea419,2025-11-05,POS PURCHASE UDEMY,-227.07,Education,2025-12-01 18:20:03.515824
90c371b4-758a-4f26-9958-0fe2a0297b84,f38b2ffc-80a4-4f5a-91c9-bc701e7ea419,2025-11-07,Debiet Order Webafrica Fibre,-899.0,Internet & Subscriptions,2025-12-01 18:20:03.515824
3e4245e7-4b74-48d3-ac53-b579464827c7,f38b2ffc-80a4-4f5a-91c9-bc701e7ea419,2025-11-07,Yoco *Coffee Shop,-206.25,Food & Dining,2025-12-01 18:20:03.515824
b91a8060-1c67-414a-a0aa-8c80ec26d51a,f38b2ffc-80a4-4f5a-91c9-bc701e7ea419,2025-11-08,MTN Prepaid Data,-122.71,Airtime & Data,2025-12-01 18:20:03.515824
77cd2503-d16e-4397-bfb3-47270a51fcb7,f38b2ffc-80a4-4f5a-91c9-bc701e7ea419,2025-11-08,POS Purchase Shell Ultra City,-587.57,Fuel,2025-12-01 18:20:03.515824
b3cbae0f-20d7-4456-bf24-fd75f7f61455,f38b2ffc-80a4-4f5a-91c9-bc701e7ea419,2025-11-09,Netflix.com,-199.0,Internet & Subscriptions,2025-12-01 18:20:03.515824
7c01c91e-d1f7-4f2f-91c8-1b63d5227ed7,f38b2ffc-80a4-4f5a-91c9-bc701e7ea419,2025-11-09,POS Aankope Checkers Hyper Men,-513.66,Groceries,2025-12-01 18:20:03.515824
fc1905a5-5d89-4b3d-8bc6-dbc852df6255,f38b2ffc-80a4-4f5a-91c9-bc701e7ea419,2025-11-10,EFT Freelance Payment,2279.34,Income,2025-12-01 18:20:03.515824
0ef1bd52-9956-4d38-8bc7-77ddaeaf1e24,f38b2ffc-80a4-4f5a-91c9-bc701e7ea419,2025-11-10,POS Purchase Computicket,-133.47,Entertainment,2025-12-01 18:20:03.515824
8cb7ce07-c1e7-4648-92fd-1c1e083ef9de,f38b2ffc-80a4-4f5a-91c9-bc701e7ea419,2025-11-10,POS Purchase Gautrain,-89.39,Travel,2025-12-01 18:20:03.515824
36ffb73d-eeb5-4d30-8985-1e353f6951dc,f38b2ffc-80a4-4f5a-91c9-bc701e7ea419,2025-11-11,POS Aankope Admyt Parking,-18.38,Parking,2025-12-01 18:20:03.515824
933a1e4c-45ec-4952-9e70-55a24a265947,f38b2ffc-80a4-4f5a-91c9-bc701e7ea419,2025-11-11,POS Aankope Parkade Menlyn,-24.67,Parking,2025-12-01 18:20:03.515824
9e313942-26a1-4e86-946c-95dd38162b9f,f38b2ffc-80a4-4f5a-91c9-bc701e7ea419,2025-11-11,Spotify,-79.99,Internet & Subscriptions,2025-12-01 18:20:03.515824
fe389265-727c-4a62-b74a-0f2fe56b940f,f38b2ffc-80a4-4f5a-91c9-bc701e7ea419,2025-11-13,POS Purchase Makro,-324.55,Shopping,2025-12-01 18:20:03.515824
77da3ff7-7daa-4968-8aed-1e3957eabf94,f38b2ffc-80a4-4f5a-91c9-bc701e7ea419,2025-11-14,BP CENTURION,-506.74,Fuel,2025-12-01 18:20:03.515824
97954e85-f290-4b1a-b220-83e871f570f4,f38b2ffc-80a4-4f5a-91c9-bc701e7ea419,2025-11-14,POS Aankope Pick n Pay Brookly,-413.56,Groceries,2025-12-01 18:20:03.515824
046343fb-cc05-4239-8668-ee774558fcea,f38b2ffc-80a4-4f5a-91c9-bc701e7ea419,2025-11-15,Dstv Showmax Rental,-254.52,Entertainment,2025-12-01 18:20:03.515824
bc66ab22-4c3f-42c3-9f77-16f05c2d174d,f38b2ffc-80a4-4f5a-91c9-bc701e7ea419,2025-11-18,City of Tshwane Prepaid Elec,-689.0,Utilities,2025-12-01 18:20:03.515824
5700a13d-1a5a-4169-8345-c7dc370cbdef,f38b2ffc-80a4-4f5a-91c9-bc701e7ea419,2025-11-18,POS PURCHASE SPAR GARSFONTEIN,-388.99,Groceries,2025-12-01 18:20:03.515824
f2827bc5-459a-49e2-a772-2df293f79783,f38b2ffc-80a4-4f5a-91c9-bc701e7ea419,2025-11-18,POS Purchase Spar Garsfontein,-314.12,Groceries,2025-12-01 18:20:03.515824
09023165-1340-4371-bd27-0f2fb36c78ad,f38b2ffc-80a4-4f5a-91c9-bc701e7ea419,2025-11-20,POS Aankope Sasol Hatfield,-411.82,Fuel,2025-12-01 18:20:03.515824
fa3cb2bd-45bd-453e-badd-340d3026e582,f38b2ffc-80a4-4f5a-91c9-bc701e7ea419,2025-11-21,POS Aankope Hatfield Parking,-29.93,Parking,2025-12-01 18:20:03.515824
55c39e14-7887-40fe-891d-1f80ba603405,f38b2ffc-80a4-4f5a-91c9-bc701e7ea419,2025-11-21,POS Aankope Yoco *Coffee Shop,-127.59,Food & Dining,2025-12-01 18:20:03.515824
e1378fee-270e-404d-aa66-7c5b19a76c62,f38b2ffc-80a4-4f5a-91c9-bc701e7ea419,2025-11-22,POS PURCHASE SPAR GARSFONTEIN,-199.22,Other,2025-12-01 18:20:03.515824
06f06f15-a5dd-451e-8de9-cf28e19f8df3,f38b2ffc-80a4-4f5a-91c9-bc701e7ea419,2025-11-23,POS Aankope Makro,-1612.37,Shopping,2025-12-01 18:20:03.515824
f304c093-5712-4ab5-b85e-cf1a873eb043,f38b2ffc-80a4-4f5a-91c9-bc701e7ea419,2025-11-24,POS Aankope Pick n Pay Brookly,-203.69,Groceries,2025-12-01 18:20:03.515824
bde8ff9c-a0fb-46c9-ae65-dbc5dc1d4d24,f38b2ffc-80a4-4f5a-91c9-bc701e7ea419,2025-11-24,POS Aankope Steers Centurion,-128.11,Food & Dining,2025-12-01 18:20:03.515824
3c930a8d-0fa6-4be5-9a08-54439f3f0d3f,f38b2ffc-80a4-4f5a-91c9-bc701e7ea419,2025-11-24,POS Aankope Takealot,-1304.3,Shopping,2025-12-01 18:20:03.515824
3cd6d3c2-dc89-46d0-a0ff-efa4dc08c8a7,f38b2ffc-80a4-4f5a-91c9-bc701e7ea419,2025-11-24,Uber Trip,-114.48,Travel,2025-12-01 18:20:03.515824
4a6d1e47-5e03-48b4-950a-5034498b2f41,f38b2ffc-80a4-4f5a-91c9-bc701e7ea419,2025-11-25,POS AANKOPE BOLT RIDE,-146.18,Travel,2025-12-01 18:20:03.515824
abd926ba-2682-44e9-93dd-3e0d6e4a7798,f38b2ffc-80a4-4f5a-91c9-bc701e7ea419,2025-11-25,Salary Credit ACME PTY LTD,29838.77,Income,2025-12-01 18:20:03.515824
f8f8f8ae-f471-4242-804a-88e3697a83cb,f38b2ffc-80a4-4f5a-91c9-bc701e7ea419,2025-11-25,Woolworths Food Waterkloof,-116.19,Groceries,2025-12-01 18:20:03.515824
a839fa03-f707-4ca6-bad3-fd95563e6b13,f38b2ffc-80a4-4f5a-91c9-bc701e7ea419,2025-11-26,POS Aankope MTN Prepaid Data,-96.1,Airtime & Data,2025-12-01 18:20:03.515824
1c043467-20be-41a4-b54f-754db73c6707,f38b2ffc-80a4-4f5a-91c9-bc701e7ea419,2025-11-26,Savings Transfer,-1500.0,Savings,2025-12-01 18:20:03.515824
1b37c3e3-5fa5-48c1-8d6c-1176356e7558,f38b2ffc-80a4-4f5a-91c9-bc701e7ea419,2025-11-27,City of Tshwane Prepaid Elec,-532.0,Utilities,2025-12-01 18:20:03.515824
a5acd846-e8cd-46da-8aa5-20c66da15615,f38b2ffc-80a4-4f5a-91c9-bc701e7ea419,2025-11-27,Medirite Pharmacy,-337.04,Health & Pharmacy,2025-12-01 18:20:03.515824
75ec6409-6833-4d6c-9cf6-78f8c26c77d6,f38b2ffc-80a4-4f5a-91c9-bc701e7ea419,2025-11-27,POS Aankope Checkers Hyper Men,-164.46,Groceries,2025-12-01 18:20:03.515824
01af3dbd-56d3-41af-9142-5dd160dca1e1,f38b2ffc-80a4-4f5a-91c9-bc701e7ea419,2025-11-28,POS Aankope Pick n Pay Brookly,-162.73,Other,2025-12-01 18:20:03.515824
686c0669-2503-46e6-b537-8b41566b49ea,f38b2ffc-80a4-4f5a-91c9-bc701e7ea419,2025-11-29,POS AANKOPE WIMPY MENLYN,-73.12,Food & Dining,2025-12-01 18:20:03.515824
bf00097f-16ce-42c8-aba4-0772547afb74,f38b2ffc-80a4-4f5a-91c9-bc701e7ea419,2025-11-30,Monthly Account Fee,-69.0,Bank Fees,2025-12-01 18:20:03.515824
3d6d8b37-3908-4c1d-8dfc-836d709b7f78,f38b2ffc-80a4-4f5a-91c9-bc701e7ea419,2025-11-30,POS Aankope Uber Eats,-188.73,Other,2025-12-01 18:20:03.515824
9305f678-6d20-4805-a226-f0aea65aea43,f38b2ffc-80a4-4f5a-91c9-bc701e7ea419,2025-11-30,TotalEnergies N1,-641.61,Fuel,2025-12-01 18:20:03.515824
6469ea73-a75e-403b-99a9-07c5a9e07729,f38b2ffc-80a4-4f5a-91c9-bc701e7ea419,2025-11-30,Vida e Caffe,-249.37,Food & Dining,2025-12-01 18:20:03.515824
65983e0b-84c7-4991-b181-ae7e5b55f1e5,f38b2ffc-80a4-4f5a-91c9-bc701e7ea419,2025-12-01,Debiet Order Huur Rental,-7800.0,Rent,2026-01-01 18:20:03.515824
30f22158-2286-4877-8d25-659b4fb31699,f38b2ffc-80a4-4f5a-91c9-bc701e7ea419,2025-12-01,POS Aankope Mr Price Sport,-973.23,Clothing & Beauty,2026-01-01 18:20:03.515824
85131eaa-6ca3-4fc0-b28e-44f579845e59,f38b2ffc-80a4-4f5a-91c9-bc701e7ea419,2025-12-01,POS PURCHASE CAMPUS PARKING,-23.67,Parking,2026-01-01 18:20:03.515824
bd699152-8b55-4143-917b-fa4254a510af,f38b2ffc-80a4-4f5a-91c9-bc701e7ea419,2025-12-02,OCEAN BASKET,-180.96,Other,2026-01-01 18:20:03.515824
d8eaaee7-4912-4e48-b712-1b23df9d5a17,f38b2ffc-80a4-4f5a-91c9-bc701e7ea419,2025-12-02,POS Purchase Nandos Brooklyn,-341.79,Food & Dining,2026-01-01 18:20:03.515824
561bbe5c-7f2d-4649-918f-77f7221b575e,f38b2ffc-80a4-4f5a-91c9-bc701e7ea419,2025-12-03,CLICKS PHARMACY,-442.8,Health & Pharmacy,2026-01-01 18:20:03.515824
640b984e-5ce7-41c2-9651-8070cad35835,f38b2ffc-80a4-4f5a-91c9-bc701e7ea419,2025-12-03,Checkers Hyper Menlyn,-207.47,Groceries,2026-01-01 18:20:03.515824
3520f1fb-afb2-4df0-8517-6db20ac038e7,f38b2ffc-80a4-4f5a-91c9-bc701e7ea419,2025-12-03,Debiet Order Discovery Insure,-1250.0,Insurance,2026-01-01 18:20:03.515824
9671172a-40e4-4129-9b5a-843ac5c2b871,f38b2ffc-80a4-4f5a-91c9-bc701e7ea419,2025-12-05,Debiet Order Virgin Active,-499.0,Gym,2026-01-01 18:20:03.515824
b3e87cfc-deba-4458-9dfc-2e9b6a70349f,f38b2ffc-80a4-4f5a-91c9-bc701e7ea419,2025-12-05,IB Transfer To Acc *4417,-1500.0,Transfers,2026-01-01 18:20:03.515824
28c15cb7-f039-470d-acd1-bff60974e122,f38b2ffc-80a4-4f5a-91c9-bc701e7ea419,2025-12-05,POS AANKOPE STEAM PURCHASE,-149.93,Entertainment,2026-01-01 18:20:03.515824
26d181f1-e141-4dc2-bdda-23a6362cd34c,f38b2ffc-80a4-4f5a-91c9-bc701e7ea419,2025-12-05,POS Aankope Shoprite Centurion,-151.36,Groceries,2026-01-01 18:20:03.515824
9b9b7401-b304-48ac-b5db-37e7bae936f8,f38b2ffc-80a4-4f5a-91c9-bc701e7ea419,2025-12-05,POS Purchase MTN Prepaid Data,-222.24,Airtime & Data,2026-01-01 18:20:03.515824
13433339-adea-43d1-9b85-93e6624da8c3,f38b2ffc-80a4-4f5a-91c9-bc701e7ea419,2025-12-05,POS Purchase Truworths,-231.08,Clothing & Beauty,2026-01-01 18:20:03.515824
896cd72f-7ba5-432d-9a76-d3403c531158,f38b2ffc-80a4-4f5a-91c9-bc701e7ea419,2025-12-06,POS Purchase Admyt Parking,-39.23,Parking,2026-01-01 18:20:03.515824
1398a28e-7c62-4782-a239-927b50306a7c,f38b2ffc-80a4-4f5a-91c9-bc701e7ea419,2025-12-07,Debiet Order Webafrica Fibre,-899.0,Internet & Subscriptions,2026-01-01 18:20:03.515824
4342d169-e24b-416c-8bc1-4b1be5ee69b6,f38b2ffc-80a4-4f5a-91c9-bc701e7ea419,2025-12-07,Pick n Pay Brooklyn,-381.12,Groceries,2026-01-01 18:20:03.515824
1e4284b4-9f72-46b8-81f2-dab72b0ffac6,f38b2ffc-80a4-4f5a-91c9-bc701e7ea419,2025-12-08,PEP HOME,-390.13,Shopping,2026-01-01 18:20:03.515824
7d2b8335-449a-4aac-8375-74c68bfdbc08,f38b2ffc-80a4-4f5a-91c9-bc701e7ea419,2025-12-08,POS Aankope Ocean Basket,-364.08,Food & Dining,2026-01-01 18:20:03.515824
a52b0898-565a-4dcf-9f2f-d1f38771989f,f38b2ffc-80a4-4f5a-91c9-bc701e7ea419,2025-12-08,POS Purchase Woolworths Food W,-153.76,Groceries,2026-01-01 18:20:03.515824
f120cf86-c54b-4482-8dee-9e682bbcb2b7,f38b2ffc-80a4-4f5a-91c9-bc701e7ea419,2025-12-09,Netflix.com,-199.0,Internet & Subscriptions,2026-01-01 18:20:03.515824
bddb082f-aca3-4f40-bfe1-3b72cc89857c,f38b2ffc-80a4-4f5a-91c9-bc701e7ea419,2025-12-09,POS AANKOPE SHOPRITE CENTURION,-365.09,Groceries,2026-01-01 18:20:03.515824
552cc227-87e8-495f-8599-cd86230f3c01,f38b2ffc-80a4-4f5a-91c9-bc701e7ea419,2025-12-09,POS Aankope Nandos Brooklyn,-218.18,Food & Dining,2026-01-01 18:20:03.515824
552d6d4e-9ad5-4e37-b01b-2162ec476d99,f38b2ffc-80a4-4f5a-91c9-bc701e7ea419,2025-12-09,POS Purchase BP Centurion,-534.96,Fuel,2026-01-01 18:20:03.515824
fa5abd2f-835a-4a0d-baa6-d0319567ae21,f38b2ffc-80a4-4f5a-91c9-bc701e7ea419,2025-12-10,Spar Garsfontein,-260.07,Other,2026-01-01 18:20:03.515824
b7f3c4cb-ec77-4c6b-b232-66289e1c5fbb,f38b2ffc-80a4-4f5a-91c9-bc701e7ea419,2025-12-10,Steers Centurion,-240.48,Other,2026-01-01 18:20:03.515824
60901d0a-e076-4008-a3fb-b10a2e17ffc7,f38b2ffc-80a4-4f5a-91c9-bc701e7ea419,2025-12-11,City of Tshwane Prepaid Elec,-644.0,Utilities,2026-01-01 18:20:03.515824
1a85b211-36f2-4886-802d-23a69f93a76c,f38b2ffc-80a4-4f5a-91c9-bc701e7ea419,2025-12-11,POS Purchase Dis-Chem Pharmacy,-461.51,Health & Pharmacy,2026-01-01 18:20:03.515824
19bc3a98-5730-4892-9d62-cd2f0d6d3c49,f38b2ffc-80a4-4f5a-91c9-bc701e7ea419,2025-12-11,POS Purchase Wimpy Menlyn,-190.19,Food & Dining,2026-01-01 18:20:03.515824
9510be30-7198-4778-91d3-8b33a9756747,f38b2ffc-80a4-4f5a-91c9-bc701e7ea419,2025-12-11,Spotify,-79.99,Internet & Subscriptions,2026-01-01 18:20:03.515824
b7ffc14f-02e6-4ef1-bdcd-8a4dfa0e8db6,f38b2ffc-80a4-4f5a-91c9-bc701e7ea419,2025-12-11,Woolworths Food Waterkloof,-175.25,Groceries,2026-01-01 18:20:03.515824
db5f5f6d-7c5a-43d1-b472-93f423870a95,f38b2ffc-80a4-4f5a-91c9-bc701e7ea419,2025-12-12,Elektroniese Oorbetaling Ma,-1000.0,Family,2026-01-01 18:20:03.515824
2421d172-de08-4bc2-ab59-2c3d5968d393,f38b2ffc-80a4-4f5a-91c9-bc701e7ea419,2025-12-12,POS AANKOPE SNAPSCAN *VENDOR,-194.38,Other,2026-01-01 18:20:03.515824
fefa65d9-6947-41ae-a898-b525154385ba,f38b2ffc-80a4-4f5a-91c9-bc701e7ea419,2025-12-12,POS PURCHASE CELL C AIRTIME,-159.54,Airtime & Data,2026-01-01 18:20:03.515824
e2abf0c7-4529-4451-9700-826c294c7601,f38b2ffc-80a4-4f5a-91c9-bc701e7ea419,2025-12-14,City of Tshwane Prepaid Elec,-529.0,Utilities,2026-01-01 18:20:03.515824
190149cb-6b8b-4b1e-b963-bf18433ecd52,f38b2ffc-80a4-4f5a-91c9-bc701e7ea419,2025-12-14,POS Aankope Engen Garsfontein,-570.61,Fuel,2026-01-01 18:20:03.515824
e7bc738b-d4af-40eb-87eb-a10e3bfd73cd,f38b2ffc-80a4-4f5a-91c9-bc701e7ea419,2025-12-16,POS Aankope Sportscene,-607.88,Clothing & Beauty,2026-01-01 18:20:03.515824
b2e12d36-cd7f-43be-b274-453937f5f918,f38b2ffc-80a4-4f5a-91c9-bc701e7ea419,2025-12-16,POS Purchase Uber Trip,-83.01,Travel,2026-01-01 18:20:03.515824
c7795190-d072-4779-af11-7644d672ae2d,f38b2ffc-80a4-4f5a-91c9-bc701e7ea419,2025-12-16,Vida e Caffe,-302.84,Food & Dining,2026-01-01 18:20:03.515824
9322b328-94bb-4708-bb68-db2f9d5799af,f38b2ffc-80a4-4f5a-91c9-bc701e7ea419,2025-12-17,POS Purchase Parkade Menlyn,-18.96,Parking,2026-01-01 18:20:03.515824
514905e5-9f7f-4314-9807-2bbfaca4834c,f38b2ffc-80a4-4f5a-91c9-bc701e7ea419,2025-12-18,Bonus Credit ACME PTY LTD,12350.0,Income,2026-01-01 18:20:03.515824
56bfbfb4-61ce-4a59-920c-d4b6b4e08ba8,f38b2ffc-80a4-4f5a-91c9-bc701e7ea419,2025-12-18,POS AANKOPE NANDOS BROOKLYN,-361.76,Food & Dining,2026-01-01 18:20:03.515824
a41385ab-c586-4f1c-818f-12e8fa1b986f,f38b2ffc-80a4-4f5a-91c9-bc701e7ea419,2025-12-18,POS AANKOPE WIMPY MENLYN,-392.49,Food & Dining,2026-01-01 18:20:03.515824
f7d6a8d2-ec53-464b-a6df-58d46b534e4e,f38b2ffc-80a4-4f5a-91c9-bc701e7ea419,2025-12-18,Salaris Kredietoorbetaling,29897.4,Income,2026-01-01 18:20:03.515824
e4816765-5312-410c-9c24-5d450822fc47,f38b2ffc-80a4-4f5a-91c9-bc701e7ea419,2025-12-18,Woolworths Food Waterkloof,-393.52,Groceries,2026-01-01 18:20:03.515824
52c808b1-974e-4d5d-8cfd-50f247eb7836,f38b2ffc-80a4-4f5a-91c9-bc701e7ea419,2025-12-19,POS Aankope Vodacom Airtime,-112.25,Airtime & Data,2026-01-01 18:20:03.515824
6ae6d440-8090-4b94-81ce-9462db4870b0,f38b2ffc-80a4-4f5a-91c9-bc701e7ea419,2025-12-19,Transfer From Savings,2000.0,Transfer In,2026-01-01 18:20:03.515824
21f24c93-24da-40e2-a364-63b144550ba0,f38b2ffc-80a4-4f5a-91c9-bc701e7ea419,2025-12-20,POS AANKOPE OCEAN BASKET,-244.34,Food & Dining,2026-01-01 18:20:03.515824
8ea85edd-bbee-4e8a-a265-4988383f94c2,f38b2ffc-80a4-4f5a-91c9-bc701e7ea419,2025-12-22,POS Aankope Ocean Basket,-140.77,Food & Dining,2026-01-01 18:20:03.515824
ac5c9ddf-6998-4db8-9991-11866363515c,f38b2ffc-80a4-4f5a-91c9-bc701e7ea419,2025-12-22,POS Purchase Pick n Pay Brookl,-306.33,Groceries,2026-01-01 18:20:03.515824
86079883-54cd-4686-aef1-247acfb8e8b5,f38b2ffc-80a4-4f5a-91c9-bc701e7ea419,2025-12-23,POS Purchase Ster-Kinekor Menl,-221.23,Entertainment,2026-01-01 18:20:03.515824
61ad5577-b976-43a9-a146-3bc7928de894,f38b2ffc-80a4-4f5a-91c9-bc701e7ea419,2025-12-24,POS AANKOPE BP CENTURION,-373.24,Fuel,2026-01-01 18:20:03.515824
979cbfb7-ba84-480d-8cc2-fbbbeaa7a814,f38b2ffc-80a4-4f5a-91c9-bc701e7ea419,2025-12-25,Woolworths Food Waterkloof,-346.16,Groceries,2026-01-01 18:20:03.515824
02de5198-c498-4833-909b-95d9b7af6719,f38b2ffc-80a4-4f5a-91c9-bc701e7ea419,2025-12-26,POS Purchase Shoprite Centurio,-574.7,Groceries,2026-01-01 18:20:03.515824
f6a3904f-e906-46d5-b4c1-d5fbee0842a5,f38b2ffc-80a4-4f5a-91c9-bc701e7ea419,2025-12-26,Savings Transfer,-1500.0,Savings,2026-01-01 18:20:03.515824
5c636475-346f-404e-9394-781fc41ec847,f38b2ffc-80a4-4f5a-91c9-bc701e7ea419,2025-12-27,KFC Lyttelton,-69.41,Food & Dining,2026-01-01 18:20:03.515824
4f07f59b-fcd7-4993-ba81-972e3da99a20,f38b2ffc-80a4-4f5a-91c9-bc701e7ea419,2025-12-27,Woolworths Food Waterkloof,-238.12,Groceries,2026-01-01 18:20:03.515824
635fde42-3f86-4f6c-88c7-44b790047ebb,f38b2ffc-80a4-4f5a-91c9-bc701e7ea419,2025-12-28,Flysafair Return x2,-3450.0,Travel,2026-01-01 18:20:03.515824
3be5c9d0-6799-4f1a-8bfc-2fc0cc11674a,f38b2ffc-80a4-4f5a-91c9-bc701e7ea419,2025-12-28,Game Stores,-612.54,Shopping,2026-01-01 18:20:03.515824
74a00872-bd5c-4497-be91-02bb66955408,f38b2ffc-80a4-4f5a-91c9-bc701e7ea419,2025-12-28,POS Aankope TotalEnergies N1,-587.18,Fuel,2026-01-01 18:20:03.515824
dca18edc-8b49-4fdd-a6d7-f01fb50fa143,f38b2ffc-80a4-4f5a-91c9-bc701e7ea419,2025-12-28,POS Purchase Campus Parking,-32.86,Parking,2026-01-01 18:20:03.515824
4f9c4546-6cb1-4276-8cfa-1bb30c64f663,f38b2ffc-80a4-4f5a-91c9-bc701e7ea419,2025-12-29,POS Aankope Sportscene,-842.78,Clothing & Beauty,2026-01-01 18:20:03.515824
a4b253a2-3d4b-448a-b6f6-37171e300f06,f38b2ffc-80a4-4f5a-91c9-bc701e7ea419,2025-12-30,POS PURCHASE MR D FOOD,-202.52,Food & Dining,2026-01-01 18:20:03.515824
6e2833fb-90ee-4ab8-9a17-af39f0f3955c,f38b2ffc-80a4-4f5a-91c9-bc701e7ea419,2025-12-30,POS Purchase Shoprite Centurio,-376.44,Groceries,2026-01-01 18:20:03.515824
25df64cd-5be9-4bfd-82e4-7c7a4fa4f508,f38b2ffc-80a4-4f5a-91c9-bc701e7ea419,2025-12-31,Gautrain,-175.56,Travel,2026-01-01 18:20:03.515824
8731bf79-b573-429b-978d-a63663ecc87c,f38b2ffc-80a4-4f5a-91c9-bc701e7ea419,2025-12-31,Monthly Account Fee,-69.0,Bank Fees,2026-01-01 18:20:03.515824
8d03bc87-81f8-4eed-ad54-d3f91f270636,f38b2ffc-80a4-4f5a-91c9-bc701e7ea419,2025-12-31,POS Aankope Campus Parking,-40.65,Parking,2026-01-01 18:20:03.515824
07d45f14-232b-42a1-955c-dee3bac505c4,f38b2ffc-80a4-4f5a-91c9-bc701e7ea419,2025-12-31,POS Purchase KFC Lyttelton,-108.43,Food & Dining,2026-01-01 18:20:03.515824
449845ca-a95a-45b8-ad9f-2b50ef603932,f38b2ffc-80a4-4f5a-91c9-bc701e7ea419,2026-01-01,Debiet Order Huur Rental,-7800.0,Rent,2026-02-01 18:20:03.515824
164585f1-7a6b-47e1-9dde-345913323337,f38b2ffc-80a4-4f5a-91c9-bc701e7ea419,2026-01-01,POS Purchase KFC Lyttelton,-64.68,Food & Dining,2026-02-01 18:20:03.515824
0689d951-1ac7-4f54-bab6-c388c6b0c32c,f38b2ffc-80a4-4f5a-91c9-bc701e7ea419,2026-01-02,POS Aankope Spur Hazelwood,-175.19,Food & Dining,2026-02-01 18:20:03.515824
25e8a771-b124-4d4c-93f5-02a30345240b,f38b2ffc-80a4-4f5a-91c9-bc701e7ea419,2026-01-03,Debiet Order Discovery Insure,-1250.0,Insurance,2026-02-01 18:20:03.515824
91b70e38-456c-4c44-9054-759ee704bd06,f38b2ffc-80a4-4f5a-91c9-bc701e7ea419,2026-01-03,POS AANKOPE SPAR GARSFONTEIN,-537.59,Groceries,2026-02-01 18:20:03.515824
536eba04-77ea-4865-8b04-c0be06f29bb1,f38b2ffc-80a4-4f5a-91c9-bc701e7ea419,2026-01-03,POS Aankope Spar Garsfontein,-478.92,Groceries,2026-02-01 18:20:03.515824
ba997599-42f0-4c2d-9f49-211dc4239448,f38b2ffc-80a4-4f5a-91c9-bc701e7ea419,2026-01-03,Transfer From Savings,2000.0,Transfer In,2026-02-01 18:20:03.515824
3e5c849e-99c6-486f-a7c3-27f9e6bbc358,f38b2ffc-80a4-4f5a-91c9-bc701e7ea419,2026-01-04,POS Aankope Udemy,-135.09,Education,2026-02-01 18:20:03.515824
2df14248-90de-4c54-a753-b08a07481377,f38b2ffc-80a4-4f5a-91c9-bc701e7ea419,2026-01-05,Debiet Order Virgin Active,-499.0,Gym,2026-02-01 18:20:03.515824
02f53ca4-16a9-4b95-88f5-d8cfe4b3e0a2,f38b2ffc-80a4-4f5a-91c9-bc701e7ea419,2026-01-05,POS Purchase Checkers Hyper Me,-598.36,Groceries,2026-02-01 18:20:03.515824
0c7f539f-4f4e-4160-832a-b9ac8fec191d,f38b2ffc-80a4-4f5a-91c9-bc701e7ea419,2026-01-05,STER-KINEKOR MENLYN,-262.02,Entertainment,2026-02-01 18:20:03.515824
486e7476-c161-4772-bd22-d11e532a04e3,f38b2ffc-80a4-4f5a-91c9-bc701e7ea419,2026-01-06,POS Aankope Debonairs Pizza,-245.52,Food & Dining,2026-02-01 18:20:03.515824
ab1c6656-eec0-4b2b-88c3-10064b94142a,f38b2ffc-80a4-4f5a-91c9-bc701e7ea419,2026-01-06,Parkade Menlyn,-24.41,Parking,2026-02-01 18:20:03.515824
04f5588d-62f2-4f1e-87ff-e68ffa2622d8,f38b2ffc-80a4-4f5a-91c9-bc701e7ea419,2026-01-07,Debiet Order Webafrica Fibre,-899.0,Internet & Subscriptions,2026-02-01 18:20:03.515824
143a6cf2-e590-4099-b1f5-13237c5600cc,f38b2ffc-80a4-4f5a-91c9-bc701e7ea419,2026-01-07,POS Aankope Wimpy Menlyn,-101.13,Food & Dining,2026-02-01 18:20:03.515824
45072dfd-62ef-4430-9590-78adf9ba9914,f38b2ffc-80a4-4f5a-91c9-bc701e7ea419,2026-01-07,Steers Centurion,-160.51,Food & Dining,2026-02-01 18:20:03.515824
c4bb79a5-d0fb-464f-b404-66f965c83b33,f38b2ffc-80a4-4f5a-91c9-bc701e7ea419,2026-01-08,CAMPUS PARKING,-11.74,Parking,2026-02-01 18:20:03.515824
1bb1fa7d-39e6-4319-854e-7d3e8275f4f6,f38b2ffc-80a4-4f5a-91c9-bc701e7ea419,2026-01-08,POS Purchase MTN Prepaid Data,-118.71,Airtime & Data,2026-02-01 18:20:03.515824
5c267476-46e8-472f-a101-92a585aeda01,f38b2ffc-80a4-4f5a-91c9-bc701e7ea419,2026-01-09,MTN PREPAID DATA,-119.97,Airtime & Data,2026-02-01 18:20:03.515824
b93d6639-b114-4b73-bc1e-fde73f47001b,f38b2ffc-80a4-4f5a-91c9-bc701e7ea419,2026-01-09,Netflix.com,-199.0,Internet & Subscriptions,2026-02-01 18:20:03.515824
52567247-4568-4794-98b4-058bb11f8aca,f38b2ffc-80a4-4f5a-91c9-bc701e7ea419,2026-01-09,POS Aankope Mr D Food,-269.75,Food & Dining,2026-02-01 18:20:03.515824
271578c3-01e2-4fc3-af1d-b11b3a31b3d0,f38b2ffc-80a4-4f5a-91c9-bc701e7ea419,2026-01-09,POS Aankope Uber Eats,-303.23,Food & Dining,2026-02-01 18:20:03.515824
14ca38dd-4caa-4491-8da2-c88d57235c2d,f38b2ffc-80a4-4f5a-91c9-bc701e7ea419,2026-01-10,Elektroniese Oorbetaling Ma,-1000.0,Family,2026-02-01 18:20:03.515824
cb783388-15be-4dde-afd2-4302a0e0fe8c,f38b2ffc-80a4-4f5a-91c9-bc701e7ea419,2026-01-10,Snapscan *Vendor,-43.23,Other,2026-02-01 18:20:03.515824
c158511a-a2f5-476d-b83a-427418f8466f,f38b2ffc-80a4-4f5a-91c9-bc701e7ea419,2026-01-11,POS AANKOPE PICK N PAY BROOKLY,-135.13,Groceries,2026-02-01 18:20:03.515824
519b3ac1-5e8f-4db5-8314-4692482521de,f38b2ffc-80a4-4f5a-91c9-bc701e7ea419,2026-01-11,POS Aankope Pick n Pay Brookly,-191.89,Groceries,2026-02-01 18:20:03.515824
947f6031-880e-48b7-95f9-bf62461639ef,f38b2ffc-80a4-4f5a-91c9-bc701e7ea419,2026-01-11,POS Aankope Woolworths Food Wa,-228.01,Groceries,2026-02-01 18:20:03.515824
48200edf-0221-4f69-8e10-81bc27c8d40d,f38b2ffc-80a4-4f5a-91c9-bc701e7ea419,2026-01-11,POS Purchase PEP Home,-692.4,Shopping,2026-02-01 18:20:03.515824
4548b95f-0a0f-48a8-aeb4-7b742aa0abfc,f38b2ffc-80a4-4f5a-91c9-bc701e7ea419,2026-01-11,Spotify,-79.99,Internet & Subscriptions,2026-02-01 18:20:03.515824
f6d14be4-7cdf-4d11-8883-09856bbd6bde,f38b2ffc-80a4-4f5a-91c9-bc701e7ea419,2026-01-12,POS Aankope BP Centurion,-708.87,Fuel,2026-02-01 18:20:03.515824
134586f4-03be-437f-a10c-787d9853ec03,f38b2ffc-80a4-4f5a-91c9-bc701e7ea419,2026-01-13,Vodacom Airtime,-92.23,Airtime & Data,2026-02-01 18:20:03.515824
50a22a8f-2201-4a5c-9f27-1e8cbf06da9c,f38b2ffc-80a4-4f5a-91c9-bc701e7ea419,2026-01-14,POS Aankope Woolworths Fashion,-411.98,Clothing & Beauty,2026-02-01 18:20:03.515824
56e18417-d52a-4378-afeb-082a1ba0939e,f38b2ffc-80a4-4f5a-91c9-bc701e7ea419,2026-01-14,WIMPY MENLYN,-104.05,Food & Dining,2026-02-01 18:20:03.515824
8886b7f5-dbe5-49ad-b80f-cefa7a4f5557,f38b2ffc-80a4-4f5a-91c9-bc701e7ea419,2026-01-15,POS AANKOPE NANDOS BROOKLYN,-168.85,Food & Dining,2026-02-01 18:20:03.515824
ae30e167-a3e9-4c9d-b69a-14759f358cf7,f38b2ffc-80a4-4f5a-91c9-bc701e7ea419,2026-01-15,POS Aankope Shoprite Centurion,-364.75,Groceries,2026-02-01 18:20:03.515824
42102d8c-ad44-4ab4-9351-edd0dc73da96,f38b2ffc-80a4-4f5a-91c9-bc701e7ea419,2026-01-16,POS AANKOPE YOCO *MARKET STALL,-186.48,Other,2026-02-01 18:20:03.515824
427d5b02-c071-4c05-a033-5f9a80a68910,f38b2ffc-80a4-4f5a-91c9-bc701e7ea419,2026-01-16,POS Aankope Hatfield Parking,-29.13,Parking,2026-02-01 18:20:03.515824
665e8759-ce1b-4956-ad37-cf3d0cd7ee0b,f38b2ffc-80a4-4f5a-91c9-bc701e7ea419,2026-01-17,POS Aankope Shoprite Centurion,-282.47,Groceries,2026-02-01 18:20:03.515824
c002f3bb-8e70-4466-9ccb-77cd7970073b,f38b2ffc-80a4-4f5a-91c9-bc701e7ea419,2026-01-18,POS Aankope Woolworths Food Wa,-407.57,Groceries,2026-02-01 18:20:03.515824
fd809e3d-6a87-498d-a66d-a8bdb718a417,f38b2ffc-80a4-4f5a-91c9-bc701e7ea419,2026-01-19,Checkers Hyper Menlyn,-439.13,Groceries,2026-02-01 18:20:03.515824
16a8f259-fa52-4a53-8256-e9fd8de5eaca,f38b2ffc-80a4-4f5a-91c9-bc701e7ea419,2026-01-19,POS Aankope Dis-Chem Pharmacy,-88.36,Health & Pharmacy,2026-02-01 18:20:03.515824
84aa7c71-e1f0-460f-acf7-2397a3bb1157,f38b2ffc-80a4-4f5a-91c9-bc701e7ea419,2026-01-19,POS Purchase Steers Centurion,-246.18,Food & Dining,2026-02-01 18:20:03.515824
9b2f02a0-5fa3-490a-9956-b709f57b3b72,f38b2ffc-80a4-4f5a-91c9-bc701e7ea419,2026-01-20,POS Purchase PayFast *Online,-189.92,Other,2026-02-01 18:20:03.515824
b5f119b5-bd99-4ee6-958e-1aac6dec412e,f38b2ffc-80a4-4f5a-91c9-bc701e7ea419,2026-01-21,POS AANKOPE ENGEN GARSFONTEIN,-468.53,Fuel,2026-02-01 18:20:03.515824
f44c4c8d-0b67-4327-ba4d-52e206c41ee2,f38b2ffc-80a4-4f5a-91c9-bc701e7ea419,2026-01-22,City of Tshwane Prepaid Elec,-719.0,Utilities,2026-02-01 18:20:03.515824
9fe6604d-83a9-4493-87f3-ac317757496d,f38b2ffc-80a4-4f5a-91c9-bc701e7ea419,2026-01-22,City of Tshwane Prepaid Elec,-687.0,Utilities,2026-02-01 18:20:03.515824
7d28656e-999f-4b30-95da-fdd99dcbed67,f38b2ffc-80a4-4f5a-91c9-bc701e7ea419,2026-01-22,POS Purchase Intercape,-139.43,Travel,2026-02-01 18:20:03.515824
0a681cfe-1794-4f7e-9768-47a195f9137e,f38b2ffc-80a4-4f5a-91c9-bc701e7ea419,2026-01-23,POS AANKOPE COMPUTICKET,-220.57,Entertainment,2026-02-01 18:20:03.515824
47d29f6c-5b51-4854-baab-ea83058393e3,f38b2ffc-80a4-4f5a-91c9-bc701e7ea419,2026-01-23,POS Purchase Shoprite Centurio,-293.18,Groceries,2026-02-01 18:20:03.515824
e2ba6449-99e6-4abc-9377-73346963ba1e,f38b2ffc-80a4-4f5a-91c9-bc701e7ea419,2026-01-24,POS Aankope Woolworths Fashion,-351.62,Clothing & Beauty,2026-02-01 18:20:03.515824
ecc986fe-676b-460c-8eaf-29498df2a2e6,f38b2ffc-80a4-4f5a-91c9-bc701e7ea419,2026-01-25,POS Purchase Computicket,-202.01,Entertainment,2026-02-01 18:20:03.515824
4e74390c-8bc7-46f0-bb6e-442a559b894d,f38b2ffc-80a4-4f5a-91c9-bc701e7ea419,2026-01-25,Salary Credit ACME PTY LTD,29813.05,Income,2026-02-01 18:20:03.515824
641224e2-b1d9-44df-ac65-ee75eccd4f1a,f38b2ffc-80a4-4f5a-91c9-bc701e7ea419,2026-01-26,Savings Transfer,-1500.0,Savings,2026-02-01 18:20:03.515824
7ff2339a-586b-481e-906e-f8a315097f5e,f38b2ffc-80a4-4f5a-91c9-bc701e7ea419,2026-01-26,Steers Centurion,-47.22,Food & Dining,2026-02-01 18:20:03.515824
85c88e0e-4007-45e8-8c14-139a32d90373,f38b2ffc-80a4-4f5a-91c9-bc701e7ea419,2026-01-27,POS Aankope Spar Garsfontein,-210.59,Groceries,2026-02-01 18:20:03.515824
7635629f-2439-4e41-b29f-bc3a1b0eb00c,f38b2ffc-80a4-4f5a-91c9-bc701e7ea419,2026-01-29,POS Aankope Dis-Chem Pharmacy,-310.88,Health & Pharmacy,2026-02-01 18:20:03.515824
3308ad2c-53bb-47ce-be40-dce685ae0309,f38b2ffc-80a4-4f5a-91c9-bc701e7ea419,2026-01-31,Monthly Account Fee,-69.0,Bank Fees,2026-02-01 18:20:03.515824
2aa74bf1-d5fb-4f75-9d4b-c2ab8cf862ea,f38b2ffc-80a4-4f5a-91c9-bc701e7ea419,2026-01-31,SHELL ULTRA CITY,-394.96,Fuel,2026-02-01 18:20:03.515824
3da6b15e-e78c-42ff-a7df-0bfb9d41e509,f38b2ffc-80a4-4f5a-91c9-bc701e7ea419,2026-01-31,Shoprite Centurion,-161.35,Groceries,2026-02-01 18:20:03.515824
a68dbb7d-67fc-404c-b4c2-af54452d97e6,f38b2ffc-80a4-4f5a-91c9-bc701e7ea419,2026-02-01,Debiet Order Huur Rental,-7800.0,Rent,2026-03-01 18:20:03.515824
05304b1c-62a7-4e5b-89a6-007a9f58fb71,f38b2ffc-80a4-4f5a-91c9-bc701e7ea419,2026-02-01,POS Aankope Parkade Menlyn,-31.45,Parking,2026-03-01 18:20:03.515824
a7ad2245-b7e9-4b57-8f62-625b457b7663,f38b2ffc-80a4-4f5a-91c9-bc701e7ea419,2026-02-01,POS Aankope Steers Centurion,-201.74,Food & Dining,2026-03-01 18:20:03.515824
d18cc035-1da1-476a-91db-2546f02e1fa2,f38b2ffc-80a4-4f5a-91c9-bc701e7ea419,2026-02-03,Debiet Order Discovery Insure,-1250.0,Insurance,2026-03-01 18:20:03.515824
e73a924e-421c-4c86-8ebf-5448f2ca88bb,f38b2ffc-80a4-4f5a-91c9-bc701e7ea419,2026-02-03,POS PURCHASE UBER EATS,-157.03,Food & Dining,2026-03-01 18:20:03.515824
6934ea1a-8303-4472-aa98-09faf32cd41c,f38b2ffc-80a4-4f5a-91c9-bc701e7ea419,2026-02-04,POS Purchase Steers Centurion,-155.17,Food & Dining,2026-03-01 18:20:03.515824
afe5133b-fb7e-4270-95d1-d3cebe093f6f,f38b2ffc-80a4-4f5a-91c9-bc701e7ea419,2026-02-04,POS Purchase Steers Centurion,-155.17,Food & Dining,2026-03-01 18:20:03.515824
d2fb0656-c312-430d-85fc-a4612e7ab5f8,f38b2ffc-80a4-4f5a-91c9-bc701e7ea419,2026-02-04,PayFast *Online,-112.85,Other,2026-03-01 18:20:03.515824
c23bb562-5d35-4b7f-9055-7940c1508358,f38b2ffc-80a4-4f5a-91c9-bc701e7ea419,2026-02-05,Debiet Order Virgin Active,-499.0,Gym,2026-03-01 18:20:03.515824
3e5163d8-453d-4433-b70d-97aefbf9fb49,f38b2ffc-80a4-4f5a-91c9-bc701e7ea419,2026-02-06,POS AANKOPE CELL C AIRTIME,-172.27,Airtime & Data,2026-03-01 18:20:03.515824
f3b7dc33-f65e-4e12-85b3-32cacf49d34d,f38b2ffc-80a4-4f5a-91c9-bc701e7ea419,2026-02-06,POS Purchase Checkers Hyper Me,-331.61,Groceries,2026-03-01 18:20:03.515824
081a880e-9796-43b5-acc5-f76bb571fbea,f38b2ffc-80a4-4f5a-91c9-bc701e7ea419,2026-02-07,Debiet Order Webafrica Fibre,-899.0,Internet & Subscriptions,2026-03-01 18:20:03.515824
e09b3624-d48f-4d2c-ae32-48ca366d02a2,f38b2ffc-80a4-4f5a-91c9-bc701e7ea419,2026-02-07,POS AANKOPE UDEMY,-180.76,Education,2026-03-01 18:20:03.515824
9e48e608-68e6-4c11-8e10-9f407ea46340,f38b2ffc-80a4-4f5a-91c9-bc701e7ea419,2026-02-07,POS Purchase Dstv Showmax Rent,-212.33,Entertainment,2026-03-01 18:20:03.515824
cd621162-4407-4a31-ba54-95d4803031b0,f38b2ffc-80a4-4f5a-91c9-bc701e7ea419,2026-02-09,Netflix.com,-199.0,Internet & Subscriptions,2026-03-01 18:20:03.515824
3c59c2f9-0927-48ff-9de7-75ca1d1e2411,f38b2ffc-80a4-4f5a-91c9-bc701e7ea419,2026-02-09,PARKADE MENLYN,-38.28,Parking,2026-03-01 18:20:03.515824
2c750d5d-d7c1-41a9-a12b-483bbd06e910,f38b2ffc-80a4-4f5a-91c9-bc701e7ea419,2026-02-09,POS Aankope Steam Purchase,-153.14,Entertainment,2026-03-01 18:20:03.515824
95a799aa-1545-4a6f-a953-9f4d7fbd8537,f38b2ffc-80a4-4f5a-91c9-bc701e7ea419,2026-02-10,POS Purchase Shoprite Centurio,-362.06,Groceries,2026-03-01 18:20:03.515824
ea8d929b-29fc-40a2-b995-3c9125758b2b,f38b2ffc-80a4-4f5a-91c9-bc701e7ea419,2026-02-11,Spotify,-79.99,Internet & Subscriptions,2026-03-01 18:20:03.515824
3bc98e9f-c856-4320-82d8-d641d86d0d48,f38b2ffc-80a4-4f5a-91c9-bc701e7ea419,2026-02-12,IB Transfer To Acc *4417,-800.0,Transfers,2026-03-01 18:20:03.515824
ee3f36c5-2ba8-4c12-a8dd-3f51d90dcdf0,f38b2ffc-80a4-4f5a-91c9-bc701e7ea419,2026-02-12,POS Aankope Engen Garsfontein,-508.87,Fuel,2026-03-01 18:20:03.515824
d3cf2644-9d18-428f-bcea-f9bffc4e125b,f38b2ffc-80a4-4f5a-91c9-bc701e7ea419,2026-02-12,POS Aankope Ocean Basket,-128.54,Food & Dining,2026-03-01 18:20:03.515824
6483d6d5-9ff0-4689-b044-d87184fa13e6,f38b2ffc-80a4-4f5a-91c9-bc701e7ea419,2026-02-12,POS Aankope Takealot,-483.82,Shopping,2026-03-01 18:20:03.515824
a0b5b27f-a3b3-4d20-ba02-125bd20f0654,f38b2ffc-80a4-4f5a-91c9-bc701e7ea419,2026-02-13,POS Aankope Yoco *Coffee Shop,-243.63,Food & Dining,2026-03-01 18:20:03.515824
090fb009-7807-4996-ab54-263287cb59e8,f38b2ffc-80a4-4f5a-91c9-bc701e7ea419,2026-02-13,POS PURCHASE DEBONAIRS PIZZA,-169.8,Food & Dining,2026-03-01 18:20:03.515824
63305db7-cacd-40fb-a7a2-29743c3b3272,f38b2ffc-80a4-4f5a-91c9-bc701e7ea419,2026-02-14,Elektroniese Oorbetaling Ma,-800.0,Family,2026-03-01 18:20:03.515824
7a9a8e74-b948-4820-a169-13d743b1d1f5,f38b2ffc-80a4-4f5a-91c9-bc701e7ea419,2026-02-14,Engen Garsfontein,-515.09,Fuel,2026-03-01 18:20:03.515824
db32737a-7d4f-4c1f-9dc9-30fb097b6c28,f38b2ffc-80a4-4f5a-91c9-bc701e7ea419,2026-02-14,Medirite Pharmacy,-353.29,Health & Pharmacy,2026-03-01 18:20:03.515824
050f9ecf-4659-4247-9305-efee50b19d05,f38b2ffc-80a4-4f5a-91c9-bc701e7ea419,2026-02-15,OCEAN BASKET,-87.24,Food & Dining,2026-03-01 18:20:03.515824
ea738559-f9e0-4f60-9667-e65c8882efea,f38b2ffc-80a4-4f5a-91c9-bc701e7ea419,2026-02-15,POS Purchase Pick n Pay Brookl,-102.54,Groceries,2026-03-01 18:20:03.515824
5691727c-f913-4059-b11b-0ad69c8a4652,f38b2ffc-80a4-4f5a-91c9-bc701e7ea419,2026-02-15,Steam Purchase,-326.26,Entertainment,2026-03-01 18:20:03.515824
3a819390-7ef4-4c1e-80b3-e045ed00375b,f38b2ffc-80a4-4f5a-91c9-bc701e7ea419,2026-02-16,City of Tshwane Prepaid Elec,-672.0,Utilities,2026-03-01 18:20:03.515824
919b0314-2ca6-4ec6-833e-a8e39e90cc79,f38b2ffc-80a4-4f5a-91c9-bc701e7ea419,2026-02-17,POS AANKOPE SPUR HAZELWOOD,-81.78,Food & Dining,2026-03-01 18:20:03.515824
3b0d7c16-24e2-4d1e-b1d1-87ded031efbb,f38b2ffc-80a4-4f5a-91c9-bc701e7ea419,2026-02-17,POS Aankope Woolworths Food Wa,-186.5,Groceries,2026-03-01 18:20:03.515824
340c553d-1da6-4d99-9fa5-27b193ce72e6,f38b2ffc-80a4-4f5a-91c9-bc701e7ea419,2026-02-18,POS PURCHASE BP CENTURION,-597.12,Fuel,2026-03-01 18:20:03.515824
d7d0d131-7ffa-4096-921b-34a2e60e5e01,f38b2ffc-80a4-4f5a-91c9-bc701e7ea419,2026-02-18,Spar Garsfontein,-228.62,Groceries,2026-03-01 18:20:03.515824
9adc5eef-eb5b-4ebd-8234-b1790a281487,f38b2ffc-80a4-4f5a-91c9-bc701e7ea419,2026-02-18,Yoco *Coffee Shop,-225.3,Food & Dining,2026-03-01 18:20:03.515824
5b183dfd-b8c5-4bb7-9976-5cb00c59f246,f38b2ffc-80a4-4f5a-91c9-bc701e7ea419,2026-02-18,Yoco *Coffee Shop,-225.3,Food & Dining,2026-03-01 18:20:03.515824
436c251d-f592-465d-994d-1ba67c0c46d0,f38b2ffc-80a4-4f5a-91c9-bc701e7ea419,2026-02-19,EFT Freelance Payment,2786.0,Income,2026-03-01 18:20:03.515824
dca19aee-7c2c-4d9a-a4ae-fa19d6c7fffa,f38b2ffc-80a4-4f5a-91c9-bc701e7ea419,2026-02-19,POS Purchase Unknown Merchant,-6200.0,Other,2026-03-01 18:20:03.515824
a9daec82-6beb-4eba-9347-147a1a9278d9,f38b2ffc-80a4-4f5a-91c9-bc701e7ea419,2026-02-19,Pick n Pay Brooklyn,-348.07,Groceries,2026-03-01 18:20:03.515824
1e5101a6-32c5-48cb-8ca5-5c966acda474,f38b2ffc-80a4-4f5a-91c9-bc701e7ea419,2026-02-20,Mr D Food,-98.8,Food & Dining,2026-03-01 18:20:03.515824
b3fde661-a2da-4fd5-9770-d0b744692b61,f38b2ffc-80a4-4f5a-91c9-bc701e7ea419,2026-02-20,POS AANKOPE PICK N PAY BROOKLY,-259.58,Groceries,2026-03-01 18:20:03.515824
9c5a1b72-00fa-4579-9878-1d858cca7418,f38b2ffc-80a4-4f5a-91c9-bc701e7ea419,2026-02-20,POS AANKOPE SPAR GARSFONTEIN,-638.58,Groceries,2026-03-01 18:20:03.515824
4128ca25-35c4-4c61-97cf-dd20eb56d709,f38b2ffc-80a4-4f5a-91c9-bc701e7ea419,2026-02-20,POS Aankope Debonairs Pizza,-134.07,Food & Dining,2026-03-01 18:20:03.515824
373a9346-e0ca-4f83-acc9-159facfa8570,f38b2ffc-80a4-4f5a-91c9-bc701e7ea419,2026-02-20,POS Aankope Uber Trip,-147.24,Travel,2026-03-01 18:20:03.515824
e0da4acb-04cd-4270-88ee-30400688b02e,f38b2ffc-80a4-4f5a-91c9-bc701e7ea419,2026-02-21,POS Aankope Debonairs Pizza,-254.56,Food & Dining,2026-03-01 18:20:03.515824
87afd959-10d8-4b2e-8d71-fadc5289fd86,f38b2ffc-80a4-4f5a-91c9-bc701e7ea419,2026-02-21,POS Aankope Vodacom Airtime,-242.36,Airtime & Data,2026-03-01 18:20:03.515824
39f40f33-b43f-41e3-ac4f-99e07384e91f,f38b2ffc-80a4-4f5a-91c9-bc701e7ea419,2026-02-21,SPAR GARSFONTEIN,-308.1,Groceries,2026-03-01 18:20:03.515824
89e498ff-2b3a-4d71-9fc6-7d185bf08b0d,f38b2ffc-80a4-4f5a-91c9-bc701e7ea419,2026-02-22,POS Aankope Checkers Hyper Men,-438.76,Groceries,2026-03-01 18:20:03.515824
6be11f4c-4b63-48d2-b818-fc9bf4ed5292,f38b2ffc-80a4-4f5a-91c9-bc701e7ea419,2026-02-23,POS Aankope Clicks Pharmacy,-248.49,Health & Pharmacy,2026-03-01 18:20:03.515824
12528015-2b55-4405-9494-0e3335a817a2,f38b2ffc-80a4-4f5a-91c9-bc701e7ea419,2026-02-25,Salary Credit ACME PTY LTD,29905.33,Income,2026-03-01 18:20:03.515824
ac1b0475-735d-4ee9-a590-a505cb0d08a7,f38b2ffc-80a4-4f5a-91c9-bc701e7ea419,2026-02-26,POS Aankope Intercape,-132.9,Travel,2026-03-01 18:20:03.515824
2d20cd7d-9603-4247-bb6a-9038c442d2c1,f38b2ffc-80a4-4f5a-91c9-bc701e7ea419,2026-02-26,POS Purchase Admyt Parking,-29.87,Parking,2026-03-01 18:20:03.515824
0c03a875-7b89-431e-acda-7b646cfae41a,f38b2ffc-80a4-4f5a-91c9-bc701e7ea419,2026-02-26,Savings Transfer,-1500.0,Savings,2026-03-01 18:20:03.515824
7987e935-7dae-4524-95d0-2b7c17beb4a5,f38b2ffc-80a4-4f5a-91c9-bc701e7ea419,2026-02-27,Spur Hazelwood,-103.46,Food & Dining,2026-03-01 18:20:03.515824
f9d563d1-d16f-497d-ab96-9aadb1e8fee0,f38b2ffc-80a4-4f5a-91c9-bc701e7ea419,2026-02-28,City of Tshwane Prepaid Elec,-539.0,Utilities,2026-03-01 18:20:03.515824
6cbc2585-40ab-4406-86a4-467cc10b1f94,f38b2ffc-80a4-4f5a-91c9-bc701e7ea419,2026-02-28,Game Stores,-672.46,Shopping,2026-03-01 18:20:03.515824
2b568c7b-1a00-4923-9e83-6c14c62b70b3,f38b2ffc-80a4-4f5a-91c9-bc701e7ea419,2026-02-28,Monthly Account Fee,-69.0,Bank Fees,2026-03-01 18:20:03.515824
2860b58b-9c4b-43ad-af18-5a4fb37e0f0a,f38b2ffc-80a4-4f5a-91c9-bc701e7ea419,2026-02-28,POS AANKOPE WIMPY MENLYN,-102.26,Food & Dining,2026-03-01 18:20:03.515824
9ff17418-7d5a-4614-b87f-d9be5fefacf6,f38b2ffc-80a4-4f5a-91c9-bc701e7ea419,2026-02-28,POS Purchase Telkom Mobile Dat,-171.2,Airtime & Data,2026-03-01 18:20:03.515824
765d0db5-15cb-4b06-869d-c6cf0eec22a0,f38b2ffc-80a4-4f5a-91c9-bc701e7ea419,2026-03-01,Debiet Order Huur Rental,-7800.0,Rent,2026-04-01 18:20:03.515824
2cf9317a-6315-4928-9667-b91439ae1a76,f38b2ffc-80a4-4f5a-91c9-bc701e7ea419,2026-03-01,POS Aankope Uber Eats,-110.25,Food & Dining,2026-04-01 18:20:03.515824
d6ed751a-4213-4530-8021-f7a317d72cd0,f38b2ffc-80a4-4f5a-91c9-bc701e7ea419,2026-03-02,POS Aankope Gautrain,-164.43,Travel,2026-04-01 18:20:03.515824
f4f87c2b-c496-4181-a7c5-d28f1972feab,f38b2ffc-80a4-4f5a-91c9-bc701e7ea419,2026-03-03,Debiet Order Discovery Insure,-1250.0,Insurance,2026-04-01 18:20:03.515824
cf85c02d-5769-494d-a47d-ba84f73da5e0,f38b2ffc-80a4-4f5a-91c9-bc701e7ea419,2026-03-03,Shoprite Centurion,-263.69,Groceries,2026-04-01 18:20:03.515824
83f6c1fa-4258-4d9d-9295-e4a0ea833856,f38b2ffc-80a4-4f5a-91c9-bc701e7ea419,2026-03-03,Uber Eats,-264.77,Food & Dining,2026-04-01 18:20:03.515824
069be1a4-6dc5-4f41-b6ee-0eccb119f120,f38b2ffc-80a4-4f5a-91c9-bc701e7ea419,2026-03-04,POS PURCHASE SHOPRITE CENTURIO,-675.01,Groceries,2026-04-01 18:20:03.515824
a6044bca-0784-4d50-891a-6c85bbfb0057,f38b2ffc-80a4-4f5a-91c9-bc701e7ea419,2026-03-05,Debiet Order Virgin Active,-499.0,Gym,2026-04-01 18:20:03.515824
aac02111-d6c5-4be1-af47-4432f5c69d68,f38b2ffc-80a4-4f5a-91c9-bc701e7ea419,2026-03-05,POS AANKOPE COMPUTICKET,-279.29,Entertainment,2026-04-01 18:20:03.515824
2cbdd1a7-bce9-4f6d-a64e-0367e4ac25fc,f38b2ffc-80a4-4f5a-91c9-bc701e7ea419,2026-03-05,POS Aankope Engen Garsfontein,-510.92,Fuel,2026-04-01 18:20:03.515824
fd5b92cd-bb3f-462b-b563-4416c87328d8,f38b2ffc-80a4-4f5a-91c9-bc701e7ea419,2026-03-05,POS Purchase Woolworths Food W,-388.91,Groceries,2026-04-01 18:20:03.515824
2ff4834b-3243-422c-a95e-9ec7a540ab92,f38b2ffc-80a4-4f5a-91c9-bc701e7ea419,2026-03-07,Debiet Order Webafrica Fibre,-899.0,Internet & Subscriptions,2026-04-01 18:20:03.515824
50749e6a-4536-496f-b167-6fadecb5aa33,f38b2ffc-80a4-4f5a-91c9-bc701e7ea419,2026-03-08,POS Aankope Admyt Parking,-25.19,Parking,2026-04-01 18:20:03.515824
fe1e5309-5306-438a-ab8e-f553e183a096,f38b2ffc-80a4-4f5a-91c9-bc701e7ea419,2026-03-08,POS Aankope PEP Home,-1021.09,Shopping,2026-04-01 18:20:03.515824
3868b553-4268-439e-9082-172500ce548f,f38b2ffc-80a4-4f5a-91c9-bc701e7ea419,2026-03-09,BP Centurion,-544.25,Fuel,2026-04-01 18:20:03.515824
260efb5f-4e5e-4d04-833b-dd58bc78945d,f38b2ffc-80a4-4f5a-91c9-bc701e7ea419,2026-03-09,Netflix.com,-199.0,Internet & Subscriptions,2026-04-01 18:20:03.515824
c2cb0d71-182c-483a-bff3-cd7c52e3d516,f38b2ffc-80a4-4f5a-91c9-bc701e7ea419,2026-03-09,POS Aankope Intercape,-67.48,Travel,2026-04-01 18:20:03.515824
1d482ce7-01f1-49af-ac16-25eaf6cddd0e,f38b2ffc-80a4-4f5a-91c9-bc701e7ea419,2026-03-11,POS Aankope Shell Ultra City,-477.54,Fuel,2026-04-01 18:20:03.515824
4d2eea47-b3fd-4a42-be14-4f23f8d0f97e,f38b2ffc-80a4-4f5a-91c9-bc701e7ea419,2026-03-11,POS Aankope Vida e Caffe,-178.07,Other,2026-04-01 18:20:03.515824
241db503-1beb-4a6f-b710-2ebba55471c5,f38b2ffc-80a4-4f5a-91c9-bc701e7ea419,2026-03-11,POS Purchase Coursera,-355.53,Education,2026-04-01 18:20:03.515824
290aaec7-3670-43b7-85eb-a9f295ef6d19,f38b2ffc-80a4-4f5a-91c9-bc701e7ea419,2026-03-11,Spotify,-79.99,Internet & Subscriptions,2026-04-01 18:20:03.515824
4bfe86b5-c49e-450b-9786-5e63b02ab1a9,f38b2ffc-80a4-4f5a-91c9-bc701e7ea419,2026-03-12,Computicket,-370.14,Entertainment,2026-04-01 18:20:03.515824
65598ec9-c897-488d-915c-c96f4753fefc,f38b2ffc-80a4-4f5a-91c9-bc701e7ea419,2026-03-12,POS PURCHASE NANDOS BROOKLYN,-175.79,Food & Dining,2026-04-01 18:20:03.515824
a7053acd-d482-4060-b168-99b5576530ad,f38b2ffc-80a4-4f5a-91c9-bc701e7ea419,2026-03-12,POS Purchase Spur Hazelwood,-304.04,Food & Dining,2026-04-01 18:20:03.515824
87e6edee-b478-453f-b5eb-cc7830164a6d,f38b2ffc-80a4-4f5a-91c9-bc701e7ea419,2026-03-13,POS Aankope Admyt Parking,-18.83,Parking,2026-04-01 18:20:03.515824
a1d3f2a3-34de-41b1-a4b2-e132ede5427f,f38b2ffc-80a4-4f5a-91c9-bc701e7ea419,2026-03-13,POS Purchase Clicks Pharmacy,-383.57,Health & Pharmacy,2026-04-01 18:20:03.515824
83e6163d-294b-465e-bd65-b273bd25b7cf,f38b2ffc-80a4-4f5a-91c9-bc701e7ea419,2026-03-14,POS Aankope Takealot Laptop,-14999.0,Shopping,2026-04-01 18:20:03.515824
3822f69c-ed9d-487a-a6ef-c2b1f1ac2f4d,f38b2ffc-80a4-4f5a-91c9-bc701e7ea419,2026-03-14,POS Purchase MTN Prepaid Data,-98.14,Airtime & Data,2026-04-01 18:20:03.515824
cae01a7b-4cdc-45bf-b9d6-09947d08de72,f38b2ffc-80a4-4f5a-91c9-bc701e7ea419,2026-03-14,Salon Menlyn,-332.81,Clothing & Beauty,2026-04-01 18:20:03.515824
0ca471f9-5ffb-463b-8063-495af70f8b6f,f38b2ffc-80a4-4f5a-91c9-bc701e7ea419,2026-03-15,POS PURCHASE SPAR GARSFONTEIN,-163.66,Groceries,2026-04-01 18:20:03.515824
2dd5e047-2cbe-4fd6-9502-8b15d5b3fda8,f38b2ffc-80a4-4f5a-91c9-bc701e7ea419,2026-03-16,CAMPUS PARKING,-27.04,Parking,2026-04-01 18:20:03.515824
2ae27785-23d2-4449-a57f-21b6808fa1d9,f38b2ffc-80a4-4f5a-91c9-bc701e7ea419,2026-03-16,POS Purchase Steers Centurion,-122.28,Food & Dining,2026-04-01 18:20:03.515824
96616802-494a-451e-8163-6e39dd3c881a,f38b2ffc-80a4-4f5a-91c9-bc701e7ea419,2026-03-17,EFT Mom,-800.0,Family,2026-04-01 18:20:03.515824
cb72b630-7518-412e-8db7-88c88dbdd528,f38b2ffc-80a4-4f5a-91c9-bc701e7ea419,2026-03-18,POS Aankope Checkers Hyper Men,-237.14,Groceries,2026-04-01 18:20:03.515824
412de7b3-04b1-4f80-b608-0d32a87387f6,f38b2ffc-80a4-4f5a-91c9-bc701e7ea419,2026-03-19,City of Tshwane Prepaid Elec,-587.0,Utilities,2026-04-01 18:20:03.515824
a65a6e1e-c379-4a28-af6b-9cbee0983e87,f38b2ffc-80a4-4f5a-91c9-bc701e7ea419,2026-03-19,Medirite Pharmacy,-219.56,Health & Pharmacy,2026-04-01 18:20:03.515824
94b8dcd4-3a20-4e43-a92a-a53452ca448b,f38b2ffc-80a4-4f5a-91c9-bc701e7ea419,2026-03-21,ADMYT PARKING,-27.25,Parking,2026-04-01 18:20:03.515824
57a6a39b-30cc-4778-8191-c12a0a1ce866,f38b2ffc-80a4-4f5a-91c9-bc701e7ea419,2026-03-21,Admyt Parking,-27.85,Parking,2026-04-01 18:20:03.515824
8b1cd300-c378-4fb0-833a-f21f9288c61b,f38b2ffc-80a4-4f5a-91c9-bc701e7ea419,2026-03-21,Hatfield Parking,-30.2,Parking,2026-04-01 18:20:03.515824
459daf18-ae4b-457a-93d6-7539575055a9,f38b2ffc-80a4-4f5a-91c9-bc701e7ea419,2026-03-21,POS Aankope Pick n Pay Brookly,-426.84,Groceries,2026-04-01 18:20:03.515824
c7af26aa-0b6c-48de-9692-fab2710241df,f38b2ffc-80a4-4f5a-91c9-bc701e7ea419,2026-03-22,POS Aankope PayFast *Online,-162.6,Other,2026-04-01 18:20:03.515824
40392322-5b4a-4af5-8e45-7e668bb9b5f5,f38b2ffc-80a4-4f5a-91c9-bc701e7ea419,2026-03-22,POS Purchase Shoprite Centurio,-253.49,Groceries,2026-04-01 18:20:03.515824
a01301db-89d1-40d6-b6a3-3ce33ebc7a3a,f38b2ffc-80a4-4f5a-91c9-bc701e7ea419,2026-03-22,Steers Centurion,-198.59,Food & Dining,2026-04-01 18:20:03.515824
c8961280-9524-4d76-99e4-a3ee3c9584a8,f38b2ffc-80a4-4f5a-91c9-bc701e7ea419,2026-03-23,City of Tshwane Prepaid Elec,-634.0,Utilities,2026-04-01 18:20:03.515824
4f62036e-ce13-4b50-8205-75d507012a1c,f38b2ffc-80a4-4f5a-91c9-bc701e7ea419,2026-03-24,POS AANKOPE SHOPRITE CENTURION,-599.2,Groceries,2026-04-01 18:20:03.515824
4fff8dec-6f17-4e46-b001-0960196d5002,f38b2ffc-80a4-4f5a-91c9-bc701e7ea419,2026-03-24,POS Aankope Amazon,-578.88,Shopping,2026-04-01 18:20:03.515824
e53ad69b-f876-43e9-8faf-0931e4f93bd9,f38b2ffc-80a4-4f5a-91c9-bc701e7ea419,2026-03-24,POS PURCHASE BUILDERS EXPRESS,-353.67,Shopping,2026-04-01 18:20:03.515824
36a6256a-b6e4-434e-9202-640c4f65bf2d,f38b2ffc-80a4-4f5a-91c9-bc701e7ea419,2026-03-25,Salary Credit ACME PTY LTD,29903.51,Income,2026-04-01 18:20:03.515824
71c7c5c8-033c-48fd-add6-c88fefabce59,f38b2ffc-80a4-4f5a-91c9-bc701e7ea419,2026-03-26,PICK N PAY BROOKLYN,-588.28,Groceries,2026-04-01 18:20:03.515824
3f7fab57-a3e3-4b5c-9fba-a3786dbeff7c,f38b2ffc-80a4-4f5a-91c9-bc701e7ea419,2026-03-26,POS Aankope Debonairs Pizza,-133.02,Food & Dining,2026-04-01 18:20:03.515824
0c8fbd54-64b9-4ba5-81d9-297d6367aaa4,f38b2ffc-80a4-4f5a-91c9-bc701e7ea419,2026-03-26,POS Aankope Woolworths Food Wa,-175.75,Groceries,2026-04-01 18:20:03.515824
9114d7bf-84bb-4524-8733-bd064bbd970a,f38b2ffc-80a4-4f5a-91c9-bc701e7ea419,2026-03-26,POS Purchase Steers Centurion,-117.17,Other,2026-04-01 18:20:03.515824
c859cf35-e3e5-4491-a9a6-6237b2b2dd18,f38b2ffc-80a4-4f5a-91c9-bc701e7ea419,2026-03-26,Savings Transfer,-1500.0,Savings,2026-04-01 18:20:03.515824
8d919221-d6ed-4450-bac2-342c1717982f,f38b2ffc-80a4-4f5a-91c9-bc701e7ea419,2026-03-27,POS Aankope BP Centurion,-467.66,Fuel,2026-04-01 18:20:03.515824
ffb03e15-cb17-4d5d-89c6-46914397722a,f38b2ffc-80a4-4f5a-91c9-bc701e7ea419,2026-03-27,POS Aankope Debonairs Pizza,-156.55,Food & Dining,2026-04-01 18:20:03.515824
9de94e71-143e-466e-a58c-73c74408c4b2,f38b2ffc-80a4-4f5a-91c9-bc701e7ea419,2026-03-28,POS Purchase Hatfield Parking,-18.62,Parking,2026-04-01 18:20:03.515824
0d4c7caf-613e-4c42-888f-e986fdc375cb,f38b2ffc-80a4-4f5a-91c9-bc701e7ea419,2026-03-29,POS Aankope Unknown Merchant,-76.42,Other,2026-04-01 18:20:03.515824
47132d22-5e8e-4e82-a9c4-ef18ec0c2c05,f38b2ffc-80a4-4f5a-91c9-bc701e7ea419,2026-03-29,POS Purchase Shell Ultra City,-333.49,Fuel,2026-04-01 18:20:03.515824
15aa6a15-8077-4d6e-aabc-545f23b2659a,f38b2ffc-80a4-4f5a-91c9-bc701e7ea419,2026-03-30,POS Aankope Checkers Hyper Men,-493.16,Groceries,2026-04-01 18:20:03.515824
5902fadf-318b-4ca1-beed-1f5eb4b83637,f38b2ffc-80a4-4f5a-91c9-bc701e7ea419,2026-03-30,POS Aankope Spur Hazelwood,-294.67,Food & Dining,2026-04-01 18:20:03.515824
62424c94-c9da-478c-9b55-18d03d9103ee,f38b2ffc-80a4-4f5a-91c9-bc701e7ea419,2026-03-30,POS Purchase Vida e Caffe,-142.14,Food & Dining,2026-04-01 18:20:03.515824
70d5c73f-c03c-4819-984e-4746c0257030,f38b2ffc-80a4-4f5a-91c9-bc701e7ea419,2026-03-31,Monthly Account Fee,-69.0,Bank Fees,2026-04-01 18:20:03.515824
1eaae9f3-938f-4bba-92c8-f9e3e44e1918,f38b2ffc-80a4-4f5a-91c9-bc701e7ea419,2026-03-31,POS AANKOPE VODACOM AIRTIME,-300.68,Airtime & Data,2026-04-01 18:20:03.515824
cc861822-c173-4ebc-af60-ad111eca71d9,f38b2ffc-80a4-4f5a-91c9-bc701e7ea419,2026-04-01,CHECKERS HYPER MENLYN,-84.55,Groceries,2026-05-01 18:20:03.515824
c3839168-a404-4b45-8d79-9a3a56746772,f38b2ffc-80a4-4f5a-91c9-bc701e7ea419,2026-04-01,Debiet Order Huur Rental,-7800.0,Rent,2026-05-01 18:20:03.515824
15f50c28-2b2b-4b0a-87d4-027f6e326db4,f38b2ffc-80a4-4f5a-91c9-bc701e7ea419,2026-04-01,POS Purchase Woolworths Food W,-411.25,Groceries,2026-05-01 18:20:03.515824
19cac611-3626-4f53-b81d-96d1e29d17cc,f38b2ffc-80a4-4f5a-91c9-bc701e7ea419,2026-04-01,Pick n Pay Brooklyn,-339.35,Groceries,2026-05-01 18:20:03.515824
42fd8546-f676-43dc-9ba5-2f2a106380b4,f38b2ffc-80a4-4f5a-91c9-bc701e7ea419,2026-04-02,POS Aankope Checkers Hyper Men,-347.28,Groceries,2026-05-01 18:20:03.515824
d5a6a5dc-9f52-4b3c-8222-81ad5a1f67ff,f38b2ffc-80a4-4f5a-91c9-bc701e7ea419,2026-04-02,POS Aankope Woolworths Food Wa,-62.46,Groceries,2026-05-01 18:20:03.515824
b9e8fad8-5335-4419-80f3-12b44df4b4b5,f38b2ffc-80a4-4f5a-91c9-bc701e7ea419,2026-04-02,POS Purchase Takealot,-864.63,Shopping,2026-05-01 18:20:03.515824
aca23c98-99c3-4202-80b3-f49493ba4e3e,f38b2ffc-80a4-4f5a-91c9-bc701e7ea419,2026-04-02,UBER TRIP,-231.79,Travel,2026-05-01 18:20:03.515824
119587fa-89f5-42f9-996c-69a47c11b983,f38b2ffc-80a4-4f5a-91c9-bc701e7ea419,2026-04-03,Debiet Order Discovery Insure,-1250.0,Insurance,2026-05-01 18:20:03.515824
f97744ec-720f-4ed1-8acf-5b256f50c540,f38b2ffc-80a4-4f5a-91c9-bc701e7ea419,2026-04-03,EFT Mom,-800.0,Family,2026-05-01 18:20:03.515824
cdb973e9-02a8-46c7-b887-c97834dc318f,f38b2ffc-80a4-4f5a-91c9-bc701e7ea419,2026-04-03,POS AANKOPE PARKADE MENLYN,-35.11,Parking,2026-05-01 18:20:03.515824
e0c53a9a-9c95-418d-a59d-47c98d117d5d,f38b2ffc-80a4-4f5a-91c9-bc701e7ea419,2026-04-03,POS Aankope Unknown Merchant,-77.42,Other,2026-05-01 18:20:03.515824
97f0d575-2a4c-4338-b407-232a40dc34cb,f38b2ffc-80a4-4f5a-91c9-bc701e7ea419,2026-04-04,POS AANKOPE SHOPRITE CENTURION,-441.35,Groceries,2026-05-01 18:20:03.515824
42035d37-4b15-49f8-8284-22deb3811b2b,f38b2ffc-80a4-4f5a-91c9-bc701e7ea419,2026-04-04,POS Aankope Cell C Airtime,-101.34,Airtime & Data,2026-05-01 18:20:03.515824
a181ea9c-5591-4b8c-a141-c8cb40fdc92b,f38b2ffc-80a4-4f5a-91c9-bc701e7ea419,2026-04-04,POS Aankope Nandos Brooklyn,-342.78,Food & Dining,2026-05-01 18:20:03.515824
013d2244-7c26-44ff-bc95-e4f8ff1fa4a2,f38b2ffc-80a4-4f5a-91c9-bc701e7ea419,2026-04-04,Shoprite Centurion,-513.71,Groceries,2026-05-01 18:20:03.515824
d2c6bfe5-021e-4875-82c4-8f9054e7536f,f38b2ffc-80a4-4f5a-91c9-bc701e7ea419,2026-04-05,Debiet Order Virgin Active,-499.0,Gym,2026-05-01 18:20:03.515824
d911f670-274e-4790-a1f4-1042dedfe569,f38b2ffc-80a4-4f5a-91c9-bc701e7ea419,2026-04-05,HATFIELD PARKING,-24.57,Parking,2026-05-01 18:20:03.515824
18386a0b-fdb0-4da1-8007-5315f0914280,f38b2ffc-80a4-4f5a-91c9-bc701e7ea419,2026-04-05,MR D FOOD,-214.07,Food & Dining,2026-05-01 18:20:03.515824
d54ee39c-becb-443e-90c6-5bdc348c90aa,f38b2ffc-80a4-4f5a-91c9-bc701e7ea419,2026-04-05,Mr Price Sport,-318.52,Clothing & Beauty,2026-05-01 18:20:03.515824
21add2cc-19d1-4682-8f70-2b141b958e32,f38b2ffc-80a4-4f5a-91c9-bc701e7ea419,2026-04-05,POS Purchase Shoprite Centurio,-103.57,Groceries,2026-05-01 18:20:03.515824
a3cffd29-27ca-4763-bdb0-f678d485d136,f38b2ffc-80a4-4f5a-91c9-bc701e7ea419,2026-04-06,POS PURCHASE ADMYT PARKING,-29.22,Parking,2026-05-01 18:20:03.515824
12229669-0ed1-498d-98bc-c78558423f0c,f38b2ffc-80a4-4f5a-91c9-bc701e7ea419,2026-04-06,POS Purchase Checkers Hyper Me,-566.37,Groceries,2026-05-01 18:20:03.515824
f98c1072-e44c-416c-ad36-65aabdcef3c0,f38b2ffc-80a4-4f5a-91c9-bc701e7ea419,2026-04-06,POS Purchase Dis-Chem Pharmacy,-616.39,Health & Pharmacy,2026-05-01 18:20:03.515824
3ce91c94-84c9-4b08-baed-90027803b16d,f38b2ffc-80a4-4f5a-91c9-bc701e7ea419,2026-04-06,POS Purchase Yoco *Coffee Shop,-80.98,Food & Dining,2026-05-01 18:20:03.515824
f330eede-e918-4008-a704-7968a7e36fee,f38b2ffc-80a4-4f5a-91c9-bc701e7ea419,2026-04-07,Debiet Order Webafrica Fibre,-899.0,Internet & Subscriptions,2026-05-01 18:20:03.515824
3ff22f19-ba5b-4cbf-a4ec-f0756245c1e5,f38b2ffc-80a4-4f5a-91c9-bc701e7ea419,2026-04-07,POS Aankope KFC Lyttelton,-349.36,Food & Dining,2026-05-01 18:20:03.515824
b53dca02-ffb9-41bc-b183-92bcf5d8a35c,f38b2ffc-80a4-4f5a-91c9-bc701e7ea419,2026-04-07,POS Aankope Sportscene,-467.69,Clothing & Beauty,2026-05-01 18:20:03.515824
678716f1-b8f6-4785-8943-33d2f1c2e1ce,f38b2ffc-80a4-4f5a-91c9-bc701e7ea419,2026-04-07,POS Aankope Yoco *Coffee Shop,-281.91,Food & Dining,2026-05-01 18:20:03.515824
ec933ef7-7410-46b2-9234-57eb8ea95dbc,f38b2ffc-80a4-4f5a-91c9-bc701e7ea419,2026-04-08,POS Aankope Sasol Hatfield,-504.94,Fuel,2026-05-01 18:20:03.515824
4f982c6b-bf77-428b-a4a0-196fa284ec2a,f38b2ffc-80a4-4f5a-91c9-bc701e7ea419,2026-04-09,Netflix.com,-199.0,Internet & Subscriptions,2026-05-01 18:20:03.515824
e41f11a8-c78a-454b-8a82-942cd8609a19,f38b2ffc-80a4-4f5a-91c9-bc701e7ea419,2026-04-10,City of Tshwane Prepaid Elec,-588.0,Utilities,2026-05-01 18:20:03.515824
cba71507-7890-4645-8ed8-d4c1d76d5271,f38b2ffc-80a4-4f5a-91c9-bc701e7ea419,2026-04-10,EFT Freelance Payment,2520.35,Income,2026-05-01 18:20:03.515824
b83aad4f-e68c-43bd-ba53-92cc664698dd,f38b2ffc-80a4-4f5a-91c9-bc701e7ea419,2026-04-10,POS Purchase Shoprite Centurio,-129.2,Groceries,2026-05-01 18:20:03.515824
4f06dd4e-e10a-4354-bf36-0a9713447e8f,f38b2ffc-80a4-4f5a-91c9-bc701e7ea419,2026-04-11,Spotify,-79.99,Internet & Subscriptions,2026-05-01 18:20:03.515824
da69394b-7f8a-4365-85ea-3ddc28b3760a,f38b2ffc-80a4-4f5a-91c9-bc701e7ea419,2026-04-12,POS Purchase Dstv Showmax Rent,-201.13,Entertainment,2026-05-01 18:20:03.515824
ffc3009f-a814-461a-acc5-a7d3700dc77b,f38b2ffc-80a4-4f5a-91c9-bc701e7ea419,2026-04-13,POS Aankope Spar Garsfontein,-51.31,Groceries,2026-05-01 18:20:03.515824
432caa21-93f6-4cfa-bace-4d1ccfa5fad0,f38b2ffc-80a4-4f5a-91c9-bc701e7ea419,2026-04-13,POS Aankope Spar Garsfontein,-51.31,Groceries,2026-05-01 18:20:03.515824
59bb0684-6075-4103-aa7f-bddc1fa99563,f38b2ffc-80a4-4f5a-91c9-bc701e7ea419,2026-04-15,POS PURCHASE CHECKERS HYPER ME,-297.88,Groceries,2026-05-01 18:20:03.515824
81efef53-213a-4729-bf16-cbe2520deba5,f38b2ffc-80a4-4f5a-91c9-bc701e7ea419,2026-04-16,Builders Express,-1027.81,Shopping,2026-05-01 18:20:03.515824
7a5bc830-4721-40a2-bc0d-8d27591d323e,f38b2ffc-80a4-4f5a-91c9-bc701e7ea419,2026-04-17,Cash Withdrawal Fee,-12.5,Bank Fees,2026-05-01 18:20:03.515824
6fc5ce84-ad9d-4482-a44f-105a64b785d7,f38b2ffc-80a4-4f5a-91c9-bc701e7ea419,2026-04-17,Shoprite Centurion,-377.38,Groceries,2026-05-01 18:20:03.515824
61433a98-704e-450c-bf3d-6a36a569dfba,f38b2ffc-80a4-4f5a-91c9-bc701e7ea419,2026-04-18,City of Tshwane Prepaid Elec,-675.0,Utilities,2026-05-01 18:20:03.515824
f1d0b09c-4747-4514-bb94-ba69c4a67f12,f38b2ffc-80a4-4f5a-91c9-bc701e7ea419,2026-04-18,POS Aankope Sasol Hatfield,-769.4,Fuel,2026-05-01 18:20:03.515824
8f425548-8197-4cda-832d-4f87ea1973ae,f38b2ffc-80a4-4f5a-91c9-bc701e7ea419,2026-04-19,POS AANKOPE GAME STORES,-387.26,Shopping,2026-05-01 18:20:03.515824
bf006ee3-2b7c-4d68-86ef-e3ec1f20e460,f38b2ffc-80a4-4f5a-91c9-bc701e7ea419,2026-04-21,POS Aankope Computicket,-181.56,Entertainment,2026-05-01 18:20:03.515824
3855d7d4-c9bb-4799-91ff-0cc634219dff,f38b2ffc-80a4-4f5a-91c9-bc701e7ea419,2026-04-21,VODACOM AIRTIME,-81.31,Airtime & Data,2026-05-01 18:20:03.515824
b827cee7-abe6-448b-84a9-c01a595a4c1a,f38b2ffc-80a4-4f5a-91c9-bc701e7ea419,2026-04-22,BP Centurion,-476.32,Fuel,2026-05-01 18:20:03.515824
a4c805ee-8a15-4515-a5d3-f88013481103,f38b2ffc-80a4-4f5a-91c9-bc701e7ea419,2026-04-22,STEERS CENTURION,-177.1,Other,2026-05-01 18:20:03.515824
cc8b706b-3b67-4c3a-abdb-0388ee91c7cc,f38b2ffc-80a4-4f5a-91c9-bc701e7ea419,2026-04-23,POS AANKOPE PARKADE MENLYN,-16.29,Parking,2026-05-01 18:20:03.515824
48fb3918-4dbb-41c7-a2f7-449e5fef956d,f38b2ffc-80a4-4f5a-91c9-bc701e7ea419,2026-04-23,POS AANKOPE VODACOM AIRTIME,-65.73,Airtime & Data,2026-05-01 18:20:03.515824
d9f53f5b-47c6-4461-8130-8cb76c624583,f38b2ffc-80a4-4f5a-91c9-bc701e7ea419,2026-04-24,Campus Parking,-23.86,Parking,2026-05-01 18:20:03.515824
fd1d62fa-33e8-40e9-b228-d3ccfb0c7649,f38b2ffc-80a4-4f5a-91c9-bc701e7ea419,2026-04-24,POS Purchase Hatfield Parking,-23.96,Parking,2026-05-01 18:20:03.515824
b8580ff0-4b97-4fa8-9417-d7622c9ebc89,f38b2ffc-80a4-4f5a-91c9-bc701e7ea419,2026-04-25,POS PURCHASE PAYFAST *ONLINE,-126.69,Other,2026-05-01 18:20:03.515824
3ec7c323-070b-4a35-ba37-a68d38d8a74a,f38b2ffc-80a4-4f5a-91c9-bc701e7ea419,2026-04-25,Salaris Kredietoorbetaling,29877.95,Income,2026-05-01 18:20:03.515824
e97da2d9-967e-4275-82fb-ee070d3e95fe,f38b2ffc-80a4-4f5a-91c9-bc701e7ea419,2026-04-26,Nandos Brooklyn,-268.07,Food & Dining,2026-05-01 18:20:03.515824
1ec7672d-dac5-414d-8e79-22cce309d220,f38b2ffc-80a4-4f5a-91c9-bc701e7ea419,2026-04-26,POS Purchase KFC Lyttelton,-191.61,Food & Dining,2026-05-01 18:20:03.515824
3e172cef-7ecd-4f84-848a-5bafd59b53a8,f38b2ffc-80a4-4f5a-91c9-bc701e7ea419,2026-04-26,Savings Transfer,-1500.0,Savings,2026-05-01 18:20:03.515824
ed50e7d7-5a8d-4e8b-9453-6da0fdee6a99,f38b2ffc-80a4-4f5a-91c9-bc701e7ea419,2026-04-27,Computicket,-93.95,Entertainment,2026-05-01 18:20:03.515824
a8ffa980-a616-4ac2-93ba-08c17c8f1a64,f38b2ffc-80a4-4f5a-91c9-bc701e7ea419,2026-04-27,IB Transfer To Acc *4417,-1000.0,Transfers,2026-05-01 18:20:03.515824
78e88cf3-eed6-4510-83b9-32d528fc06be,f38b2ffc-80a4-4f5a-91c9-bc701e7ea419,2026-04-29,MR D FOOD,-287.61,Food & Dining,2026-05-01 18:20:03.515824
a6ce3473-1047-4f4a-8735-be491f985bce,f38b2ffc-80a4-4f5a-91c9-bc701e7ea419,2026-04-29,Parkade Menlyn,-31.9,Parking,2026-05-01 18:20:03.515824
f922bb4d-6355-4ac5-b774-1b7bf88ccd07,f38b2ffc-80a4-4f5a-91c9-bc701e7ea419,2026-04-30,Monthly Account Fee,-69.0,Bank Fees,2026-05-01 18:20:03.515824
007a9f29-7d19-4c35-aba8-ce66e99505d0,f38b2ffc-80a4-4f5a-91c9-bc701e7ea419,2026-05-01,Admyt Parking,-16.02,Parking,2026-06-01 18:20:03.515824
09c1d1a5-c6ab-4923-b371-9b99dc1063e3,f38b2ffc-80a4-4f5a-91c9-bc701e7ea419,2026-05-01,Debiet Order Huur Rental,-7800.0,Rent,2026-06-01 18:20:03.515824
613ac890-4f2e-4c7e-abca-e4acb3492331,f38b2ffc-80a4-4f5a-91c9-bc701e7ea419,2026-05-01,POS Aankope Uber Eats,-122.14,Food & Dining,2026-06-01 18:20:03.515824
12a4be19-c8b1-4c4b-bc5a-643cc319fd7c,f38b2ffc-80a4-4f5a-91c9-bc701e7ea419,2026-05-03,Debiet Order Discovery Insure,-1250.0,Insurance,2026-06-01 18:20:03.515824
b38b8df4-c8df-44db-81d7-f9acbf03798b,f38b2ffc-80a4-4f5a-91c9-bc701e7ea419,2026-05-04,Elektroniese Oorbetaling Ma,-800.0,Family,2026-06-01 18:20:03.515824
9a5b7b8b-6abd-4028-acf0-9761870597dc,f38b2ffc-80a4-4f5a-91c9-bc701e7ea419,2026-05-04,POS AANKOPE SHOPRITE CENTURION,-533.1,Groceries,2026-06-01 18:20:03.515824
59668cf2-502a-4dde-955f-e7bf4f0711dc,f38b2ffc-80a4-4f5a-91c9-bc701e7ea419,2026-05-04,POS Aankope Checkers Hyper Men,-155.14,Groceries,2026-06-01 18:20:03.515824
dcebee82-c2cc-4667-954a-c7b3c80dfbc6,f38b2ffc-80a4-4f5a-91c9-bc701e7ea419,2026-05-04,POS PURCHASE WOOLWORTHS FOOD W,-613.04,Groceries,2026-06-01 18:20:03.515824
a4d9b02d-be8a-4a3d-b2ab-e74ac2eac538,f38b2ffc-80a4-4f5a-91c9-bc701e7ea419,2026-05-05,Admyt Parking,-31.78,Parking,2026-06-01 18:20:03.515824
e1cab087-cb55-4ea4-a9cc-b6ecc3419ed1,f38b2ffc-80a4-4f5a-91c9-bc701e7ea419,2026-05-05,Debiet Order Virgin Active,-499.0,Gym,2026-06-01 18:20:03.515824
5622b3e2-3335-4d49-bd87-ec67d1769c2a,f38b2ffc-80a4-4f5a-91c9-bc701e7ea419,2026-05-05,KFC Lyttelton,-284.03,Food & Dining,2026-06-01 18:20:03.515824
6fb3d314-2f3f-4e7d-96e3-208a4f241983,f38b2ffc-80a4-4f5a-91c9-bc701e7ea419,2026-05-05,Medirite Pharmacy,-285.37,Health & Pharmacy,2026-06-01 18:20:03.515824
88376923-8596-4a52-893c-abe14c5d010e,f38b2ffc-80a4-4f5a-91c9-bc701e7ea419,2026-05-05,POS Purchase Gautrain,-64.63,Travel,2026-06-01 18:20:03.515824
db0bf8b2-2bb9-48d6-a7ba-aba3ebffa5bb,f38b2ffc-80a4-4f5a-91c9-bc701e7ea419,2026-05-05,POS Purchase Pick n Pay Brookl,-381.33,Groceries,2026-06-01 18:20:03.515824
504f1c8b-eaa2-4f4b-a9bf-e0481b3fb811,f38b2ffc-80a4-4f5a-91c9-bc701e7ea419,2026-05-06,Amazon,-386.24,Shopping,2026-06-01 18:20:03.515824
f2aa7d6d-7888-4a8f-8cec-84cbcb13e62d,f38b2ffc-80a4-4f5a-91c9-bc701e7ea419,2026-05-06,POS Aankope Mr Price Sport,-340.88,Clothing & Beauty,2026-06-01 18:20:03.515824
dcd639b0-1933-4474-ba9b-f7137999ae45,f38b2ffc-80a4-4f5a-91c9-bc701e7ea419,2026-05-07,Debiet Order Webafrica Fibre,-899.0,Internet & Subscriptions,2026-06-01 18:20:03.515824
7ef5a268-a3a0-4297-a3c0-fff9c04a7e05,f38b2ffc-80a4-4f5a-91c9-bc701e7ea419,2026-05-07,POS PURCHASE MTN PREPAID DATA,-193.81,Airtime & Data,2026-06-01 18:20:03.515824
64a7a0ab-4cd7-4911-bc89-e307acb4b0a0,f38b2ffc-80a4-4f5a-91c9-bc701e7ea419,2026-05-07,POS Purchase Takealot,-424.81,Shopping,2026-06-01 18:20:03.515824
24abed3a-26fd-4477-8a53-c55ff81d22a0,f38b2ffc-80a4-4f5a-91c9-bc701e7ea419,2026-05-07,Spar Garsfontein,-121.28,Groceries,2026-06-01 18:20:03.515824
28c2c561-08cc-459f-9d58-2b5ef2767091,f38b2ffc-80a4-4f5a-91c9-bc701e7ea419,2026-05-08,Dishonoured Debit Order Fee,-350.0,Bank Fees,2026-06-01 18:20:03.515824
9be00ba7-c4ee-4d0f-a0c5-c7b5e471c9b0,f38b2ffc-80a4-4f5a-91c9-bc701e7ea419,2026-05-08,POS Purchase Woolworths Food W,-519.55,Groceries,2026-06-01 18:20:03.515824
576f5d5f-dba5-42ea-833e-7b54c7b39ad6,f38b2ffc-80a4-4f5a-91c9-bc701e7ea419,2026-05-09,Netflix.com,-199.0,Internet & Subscriptions,2026-06-01 18:20:03.515824
89b3eec2-cb25-4fe0-afdb-0bbef812a482,f38b2ffc-80a4-4f5a-91c9-bc701e7ea419,2026-05-10,POS Aankope Bolt Ride,-109.06,Travel,2026-06-01 18:20:03.515824
93d0c538-86ee-409c-8a73-1b2df6422ad3,f38b2ffc-80a4-4f5a-91c9-bc701e7ea419,2026-05-10,POS Aankope Checkers Hyper Men,-153.55,Groceries,2026-06-01 18:20:03.515824
06178444-1649-4fa6-99de-55cddde1c9d0,f38b2ffc-80a4-4f5a-91c9-bc701e7ea419,2026-05-10,POS Purchase PayFast *Online,-245.27,Other,2026-06-01 18:20:03.515824
8c40bbc9-2283-489b-895c-512084bf88f2,f38b2ffc-80a4-4f5a-91c9-bc701e7ea419,2026-05-10,POS Purchase Wimpy Menlyn,-61.24,Food & Dining,2026-06-01 18:20:03.515824
51c9ffcf-ef48-4244-a651-89d23eb5632f,f38b2ffc-80a4-4f5a-91c9-bc701e7ea419,2026-05-11,POS Aankope Mr D Food,-111.88,Food & Dining,2026-06-01 18:20:03.515824
406805b3-f670-481a-9255-8555c98a5fbc,f38b2ffc-80a4-4f5a-91c9-bc701e7ea419,2026-05-11,Spotify,-79.99,Internet & Subscriptions,2026-06-01 18:20:03.515824
8b2f8dfe-adb8-444d-a0dd-4891dcd26d4b,f38b2ffc-80a4-4f5a-91c9-bc701e7ea419,2026-05-13,Engen Garsfontein,-532.24,Fuel,2026-06-01 18:20:03.515824
ef7008e2-ad3a-41f9-bd56-c9709fbb10b8,f38b2ffc-80a4-4f5a-91c9-bc701e7ea419,2026-05-13,POS Aankope Debonairs Pizza,-97.78,Food & Dining,2026-06-01 18:20:03.515824
5046ae03-c45b-47de-925d-4d26d47681b4,f38b2ffc-80a4-4f5a-91c9-bc701e7ea419,2026-05-13,POS Aankope Vida e Caffe,-253.7,Food & Dining,2026-06-01 18:20:03.515824
4d638dc5-1d62-4aeb-9366-07544b37269b,f38b2ffc-80a4-4f5a-91c9-bc701e7ea419,2026-05-13,UBER EATS,-146.18,Food & Dining,2026-06-01 18:20:03.515824
25f0c8d2-5f9e-4d05-aa57-e9e9698b667a,f38b2ffc-80a4-4f5a-91c9-bc701e7ea419,2026-05-14,POS Purchase Debonairs Pizza,-292.7,Food & Dining,2026-06-01 18:20:03.515824
3394f9ad-8107-4b48-b5ea-0f9b54e8f75a,f38b2ffc-80a4-4f5a-91c9-bc701e7ea419,2026-05-15,MR D FOOD,-254.2,Food & Dining,2026-06-01 18:20:03.515824
3c019b9a-c7d7-45c3-8054-6cfc2cb32e6e,f38b2ffc-80a4-4f5a-91c9-bc701e7ea419,2026-05-15,POS Aankope Computicket,-262.27,Entertainment,2026-06-01 18:20:03.515824
11f9d551-38f6-4c74-af1f-c189d3972d67,f38b2ffc-80a4-4f5a-91c9-bc701e7ea419,2026-05-15,POS Aankope Steers Centurion,-294.8,Food & Dining,2026-06-01 18:20:03.515824
4e4e2ef7-c805-4a45-b224-f71d8e7475f9,f38b2ffc-80a4-4f5a-91c9-bc701e7ea419,2026-05-15,Telkom Mobile Data,-127.18,Airtime & Data,2026-06-01 18:20:03.515824
c9861f2b-7908-454a-b2f3-5b2bc0748860,f38b2ffc-80a4-4f5a-91c9-bc701e7ea419,2026-05-17,POS Purchase KFC Lyttelton,-259.53,Food & Dining,2026-06-01 18:20:03.515824
a134d191-ac54-4772-a755-738961e0171c,f38b2ffc-80a4-4f5a-91c9-bc701e7ea419,2026-05-18,Engen Garsfontein,-431.6,Fuel,2026-06-01 18:20:03.515824
47a23a45-2a3e-4143-809f-88a28995e7fb,f38b2ffc-80a4-4f5a-91c9-bc701e7ea419,2026-05-19,BOLT RIDE,-179.17,Travel,2026-06-01 18:20:03.515824
c17fa881-551d-493b-90df-0552979aba9e,f38b2ffc-80a4-4f5a-91c9-bc701e7ea419,2026-05-19,Campus Parking,-11.62,Parking,2026-06-01 18:20:03.515824
858f2cf0-ee12-4aea-92fb-e2f684cd2c3d,f38b2ffc-80a4-4f5a-91c9-bc701e7ea419,2026-05-19,City of Tshwane Prepaid Elec,-455.0,Utilities,2026-06-01 18:20:03.515824
8f25a601-b86f-4a95-94b3-f1e3b0922e82,f38b2ffc-80a4-4f5a-91c9-bc701e7ea419,2026-05-20,POS AANKOPE HATFIELD PARKING,-23.46,Parking,2026-06-01 18:20:03.515824
f9bb98dd-9e6a-4411-b621-b2ea10b8cd86,f38b2ffc-80a4-4f5a-91c9-bc701e7ea419,2026-05-21,Campus Parking,-18.5,Parking,2026-06-01 18:20:03.515824
65bcd8b2-b2e0-4cb9-b817-c81c016a1fea,f38b2ffc-80a4-4f5a-91c9-bc701e7ea419,2026-05-21,Nandos Brooklyn,-221.99,Food & Dining,2026-06-01 18:20:03.515824
f772a225-7d92-4cf8-adf0-4c3739591050,f38b2ffc-80a4-4f5a-91c9-bc701e7ea419,2026-05-21,POS Aankope Woolworths Food Wa,-630.44,Groceries,2026-06-01 18:20:03.515824
175f4ac7-1ddb-4e0a-be19-4ae2ab600341,f38b2ffc-80a4-4f5a-91c9-bc701e7ea419,2026-05-22,City of Tshwane Prepaid Elec,-572.0,Utilities,2026-06-01 18:20:03.515824
b52d66fb-9f7c-4382-a26f-283b76c3512a,f38b2ffc-80a4-4f5a-91c9-bc701e7ea419,2026-05-22,EDGARS,-409.3,Clothing & Beauty,2026-06-01 18:20:03.515824
252c5f18-4dcf-41be-9204-3061a8b175a3,f38b2ffc-80a4-4f5a-91c9-bc701e7ea419,2026-05-22,SHELL ULTRA CITY,-433.75,Fuel,2026-06-01 18:20:03.515824
40d3a5a2-d0cb-47ac-a330-ddac5e890ffd,f38b2ffc-80a4-4f5a-91c9-bc701e7ea419,2026-05-24,POS Aankope Wimpy Menlyn,-121.86,Other,2026-06-01 18:20:03.515824
30fde649-3997-42e3-9803-8d21e9a31da4,f38b2ffc-80a4-4f5a-91c9-bc701e7ea419,2026-05-25,POS Purchase Parkade Menlyn,-33.33,Parking,2026-06-01 18:20:03.515824
58af099f-422e-474e-bd4c-fa2f5dc36d58,f38b2ffc-80a4-4f5a-91c9-bc701e7ea419,2026-05-25,Salary Credit ACME PTY LTD,29813.54,Income,2026-06-01 18:20:03.515824
6a6f2d2e-dd74-4c64-a4f7-a8da5ed0ede5,f38b2ffc-80a4-4f5a-91c9-bc701e7ea419,2026-05-26,SPAR GARSFONTEIN,-434.53,Groceries,2026-06-01 18:20:03.515824
c33191e7-c363-4493-817f-afe32f2354bb,f38b2ffc-80a4-4f5a-91c9-bc701e7ea419,2026-05-26,Savings Transfer,-1500.0,Savings,2026-06-01 18:20:03.515824
344d13f4-eff0-4e97-b66c-b44af1042703,f38b2ffc-80a4-4f5a-91c9-bc701e7ea419,2026-05-27,POS Aankope Computicket,-245.44,Entertainment,2026-06-01 18:20:03.515824
320a7324-ff60-40bf-b943-4b46d8aca698,f38b2ffc-80a4-4f5a-91c9-bc701e7ea419,2026-05-28,POS PURCHASE TELKOM MOBILE DAT,-142.51,Airtime & Data,2026-06-01 18:20:03.515824
d0a84c55-51ec-4206-816d-c2af712565c0,f38b2ffc-80a4-4f5a-91c9-bc701e7ea419,2026-05-30,POS AANKOPE CAMPUS PARKING,-11.39,Parking,2026-06-01 18:20:03.515824
6cc833ce-eddb-4c02-a2d5-b3789cad3697,f38b2ffc-80a4-4f5a-91c9-bc701e7ea419,2026-05-30,POS AANKOPE KFC LYTTELTON,-111.76,Food & Dining,2026-06-01 18:20:03.515824
e04320c8-9cdb-4fc9-a2fd-0be10e2939f5,f38b2ffc-80a4-4f5a-91c9-bc701e7ea419,2026-05-30,POS Aankope Game Stores,-188.23,Shopping,2026-06-01 18:20:03.515824
ff0700be-2830-49a5-9452-854f39642719,f38b2ffc-80a4-4f5a-91c9-bc701e7ea419,2026-05-30,POS PURCHASE CHECKERS HYPER ME,-57.45,Groceries,2026-06-01 18:20:03.515824
8ba4be1e-32ea-4b3b-8da1-be9a56c2505d,f38b2ffc-80a4-4f5a-91c9-bc701e7ea419,2026-05-31,Monthly Account Fee,-69.0,Bank Fees,2026-06-01 18:20:03.515824
e22f253c-1d9a-4d7f-951e-802fd95cf033,f38b2ffc-80a4-4f5a-91c9-bc701e7ea419,2026-05-31,POS AANKOPE BP CENTURION,-614.18,Fuel,2026-06-01 18:20:03.515824
4071a2e5-3746-4c0c-923b-4e27db908dd7,f38b2ffc-80a4-4f5a-91c9-bc701e7ea419,2026-05-31,Spar Garsfontein,-108.84,Groceries,2026-06-01 18:20:03.515824
228ef631-a6e6-42b4-88b7-92afe2e53349,f38b2ffc-80a4-4f5a-91c9-bc701e7ea419,2026-06-01,Debiet Order Huur Rental,-7800.0,Rent,2026-07-01 18:20:03.515824
afa081b5-4454-4bca-acf6-5b10832084d3,f38b2ffc-80a4-4f5a-91c9-bc701e7ea419,2026-06-01,POS Purchase Spar Garsfontein,-292.11,Groceries,2026-07-01 18:20:03.515824
eef52bb3-cbd0-4a7c-8f25-7f1d61296ba3,f38b2ffc-80a4-4f5a-91c9-bc701e7ea419,2026-06-03,Debiet Order Discovery Insure,-1250.0,Insurance,2026-07-01 18:20:03.515824
8d74540b-ba1d-4f54-aa9e-4b0f2a3e60ae,f38b2ffc-80a4-4f5a-91c9-bc701e7ea419,2026-06-03,POS Aankope Checkers Hyper Men,-582.17,Groceries,2026-07-01 18:20:03.515824
2ef804d9-4f6c-4200-aef0-c03991ea4c60,f38b2ffc-80a4-4f5a-91c9-bc701e7ea419,2026-06-03,POS Aankope Woolworths Food Wa,-553.89,Groceries,2026-07-01 18:20:03.515824
89160347-ef86-4230-a6be-70a59476cd55,f38b2ffc-80a4-4f5a-91c9-bc701e7ea419,2026-06-03,TotalEnergies N1,-460.96,Fuel,2026-07-01 18:20:03.515824
c708f518-afdb-4b2f-9c9b-7c15e79b74e9,f38b2ffc-80a4-4f5a-91c9-bc701e7ea419,2026-06-04,POS AANKOPE CHECKERS HYPER MEN,-190.59,Groceries,2026-07-01 18:20:03.515824
3f70a4bf-df5a-4fd8-ba7b-29e77ae23fa4,f38b2ffc-80a4-4f5a-91c9-bc701e7ea419,2026-06-04,Ster-Kinekor Menlyn,-174.21,Entertainment,2026-07-01 18:20:03.515824
6c4ffaff-6edb-4e17-b038-d9728efa8962,f38b2ffc-80a4-4f5a-91c9-bc701e7ea419,2026-06-04,Transfer From Savings,2000.0,Transfer In,2026-07-01 18:20:03.515824
f5fd9386-a734-4e5a-96f6-5e5a2bbb0119,f38b2ffc-80a4-4f5a-91c9-bc701e7ea419,2026-06-05,Debiet Order Virgin Active,-499.0,Gym,2026-07-01 18:20:03.515824
2a060e60-dbb9-4ee0-832e-6bdedfdf3f54,f38b2ffc-80a4-4f5a-91c9-bc701e7ea419,2026-06-05,POS Aankope PEP Home,-177.05,Shopping,2026-07-01 18:20:03.515824
f8976f78-2b31-4dce-9c84-3704248907b7,f38b2ffc-80a4-4f5a-91c9-bc701e7ea419,2026-06-06,POS Aankope PEP Home,-578.32,Shopping,2026-07-01 18:20:03.515824
af4c59ec-093e-41bc-88c6-d14aba7270ba,f38b2ffc-80a4-4f5a-91c9-bc701e7ea419,2026-06-06,POS Aankope PEP Home,-578.32,Shopping,2026-07-01 18:20:03.515824
7b705869-9dec-49c2-9bf1-cbeb276fe1dc,f38b2ffc-80a4-4f5a-91c9-bc701e7ea419,2026-06-06,POS Aankope TotalEnergies N1,-634.85,Fuel,2026-07-01 18:20:03.515824
521f3c3d-1495-48e6-af91-82008ee2f141,f38b2ffc-80a4-4f5a-91c9-bc701e7ea419,2026-06-07,Debiet Order Webafrica Fibre,-899.0,Internet & Subscriptions,2026-07-01 18:20:03.515824
5f1c693f-8640-4b50-badd-0a664ca1e231,f38b2ffc-80a4-4f5a-91c9-bc701e7ea419,2026-06-07,EFT Freelance Payment,2029.78,Income,2026-07-01 18:20:03.515824
2a958654-4b0b-4c97-b221-70240df21a38,f38b2ffc-80a4-4f5a-91c9-bc701e7ea419,2026-06-07,POS Aankope Steam Purchase,-412.22,Entertainment,2026-07-01 18:20:03.515824
d4a20b13-0381-4118-936b-07781730c298,f38b2ffc-80a4-4f5a-91c9-bc701e7ea419,2026-06-08,Admyt Parking,-35.93,Parking,2026-07-01 18:20:03.515824
76ee0213-77ce-4b2a-b0b1-b82cc2458fcd,f38b2ffc-80a4-4f5a-91c9-bc701e7ea419,2026-06-08,Spur Hazelwood,-229.69,Other,2026-07-01 18:20:03.515824
db8ffac6-9626-41fb-9d0a-02058015b675,f38b2ffc-80a4-4f5a-91c9-bc701e7ea419,2026-06-09,Netflix.com,-199.0,Internet & Subscriptions,2026-07-01 18:20:03.515824
b11d9208-973d-42ce-bf7d-0d85791a8470,f38b2ffc-80a4-4f5a-91c9-bc701e7ea419,2026-06-10,POS Aankope Nandos Brooklyn,-118.43,Food & Dining,2026-07-01 18:20:03.515824
76c5ee53-de49-4337-bd58-3e6924b0a4be,f38b2ffc-80a4-4f5a-91c9-bc701e7ea419,2026-06-11,City of Tshwane Prepaid Elec,-573.0,Utilities,2026-07-01 18:20:03.515824
c8fc4f6a-0631-490e-b739-3ce2109e155a,f38b2ffc-80a4-4f5a-91c9-bc701e7ea419,2026-06-11,Spotify,-79.99,Internet & Subscriptions,2026-07-01 18:20:03.515824
0aef0860-dd0a-438f-bed7-49d2ed9cffb6,f38b2ffc-80a4-4f5a-91c9-bc701e7ea419,2026-06-12,IB Transfer To Acc *4417,-1500.0,Transfers,2026-07-01 18:20:03.515824
737d4145-a854-4a78-9c39-26f6a9254880,f38b2ffc-80a4-4f5a-91c9-bc701e7ea419,2026-06-12,POS Aankope Vida e Caffe,-189.47,Food & Dining,2026-07-01 18:20:03.515824
e339e213-55aa-4d31-8b7f-afcd1fa6681f,f38b2ffc-80a4-4f5a-91c9-bc701e7ea419,2026-06-12,POS Purchase Pick n Pay Brookl,-111.28,Groceries,2026-07-01 18:20:03.515824
de698cef-acdf-44d2-8ab7-9e328b799aa9,f38b2ffc-80a4-4f5a-91c9-bc701e7ea419,2026-06-12,PayFast *Online,-140.63,Other,2026-07-01 18:20:03.515824
844c3494-688c-426e-95e1-32b3d0485319,f38b2ffc-80a4-4f5a-91c9-bc701e7ea419,2026-06-13,POS AANKOPE CLICKS PHARMACY,-166.05,Health & Pharmacy,2026-07-01 18:20:03.515824
5b3a0cb9-e7f2-4e0a-b1be-53b5b68986ea,f38b2ffc-80a4-4f5a-91c9-bc701e7ea419,2026-06-13,Uber Trip,-146.54,Travel,2026-07-01 18:20:03.515824
0ba8a170-df60-43b6-a162-9028a9307e6f,f38b2ffc-80a4-4f5a-91c9-bc701e7ea419,2026-06-14,Elektroniese Oorbetaling Ma,-800.0,Family,2026-07-01 18:20:03.515824
68f1955d-ac88-43cb-8336-28ab4fb35dca,f38b2ffc-80a4-4f5a-91c9-bc701e7ea419,2026-06-14,POS Aankope Campus Parking,-27.18,Parking,2026-07-01 18:20:03.515824
75f4fd6c-87fc-4816-b6aa-1b0b11691288,f38b2ffc-80a4-4f5a-91c9-bc701e7ea419,2026-06-14,Telkom Mobile Data,-77.43,Airtime & Data,2026-07-01 18:20:03.515824
423d3e47-2131-4961-992c-62882504aaf6,f38b2ffc-80a4-4f5a-91c9-bc701e7ea419,2026-06-15,Campus Parking,-27.62,Parking,2026-07-01 18:20:03.515824
8a015944-b44f-454b-ab10-832107b88803,f38b2ffc-80a4-4f5a-91c9-bc701e7ea419,2026-06-15,POS AANKOPE WOOLWORTHS FOOD WA,-206.27,Groceries,2026-07-01 18:20:03.515824
022f2e61-b821-43cc-bca9-d06b6be8ef04,f38b2ffc-80a4-4f5a-91c9-bc701e7ea419,2026-06-17,POS Aankope Cell C Airtime,-113.77,Airtime & Data,2026-07-01 18:20:03.515824
b8e12df6-4b33-4d8e-be3a-cec33b3a69c2,f38b2ffc-80a4-4f5a-91c9-bc701e7ea419,2026-06-17,POS Aankope Intercape,-155.46,Travel,2026-07-01 18:20:03.515824
36f91695-555f-420e-82e5-6fc78bf1cd26,f38b2ffc-80a4-4f5a-91c9-bc701e7ea419,2026-06-17,Snapscan *Vendor,-167.39,Other,2026-07-01 18:20:03.515824
5d5a97e5-0334-4271-95a1-6fa18de8c627,f38b2ffc-80a4-4f5a-91c9-bc701e7ea419,2026-06-17,Uber Eats,-234.79,Food & Dining,2026-07-01 18:20:03.515824
1496fc36-c7b9-412b-8023-2da09300c6db,f38b2ffc-80a4-4f5a-91c9-bc701e7ea419,2026-06-18,MR PRICE SPORT,-622.58,Clothing & Beauty,2026-07-01 18:20:03.515824
7deebdae-13df-4a8d-8968-26f93188298c,f38b2ffc-80a4-4f5a-91c9-bc701e7ea419,2026-06-19,POS Aankope Uber Eats,-129.52,Food & Dining,2026-07-01 18:20:03.515824
109067c0-dfca-443e-bf3e-08ae0bb4d15e,f38b2ffc-80a4-4f5a-91c9-bc701e7ea419,2026-06-20,POS Aankope Debonairs Pizza,-137.62,Food & Dining,2026-07-01 18:20:03.515824
c219a42c-db5a-402b-ab30-728437b69298,f38b2ffc-80a4-4f5a-91c9-bc701e7ea419,2026-06-21,SASOL HATFIELD,-492.29,Fuel,2026-07-01 18:20:03.515824
d8c887e7-9b45-4ed0-8b7a-20cd258ce435,f38b2ffc-80a4-4f5a-91c9-bc701e7ea419,2026-06-24,POS Aankope Debonairs Pizza,-118.71,Food & Dining,2026-07-01 18:20:03.515824
7c978c1b-2381-4441-ba01-fa6afc53c3b0,f38b2ffc-80a4-4f5a-91c9-bc701e7ea419,2026-06-24,POS Aankope PayFast *Online,-111.11,Other,2026-07-01 18:20:03.515824
06fa1874-c4ac-4fd1-a34b-bc2f9fc9f934,f38b2ffc-80a4-4f5a-91c9-bc701e7ea419,2026-06-25,Salary Credit ACME PTY LTD,29841.46,Income,2026-07-01 18:20:03.515824
af720d62-8f63-4cc6-8de7-dc45308333c5,f38b2ffc-80a4-4f5a-91c9-bc701e7ea419,2026-06-26,Cash Withdrawal Fee,-12.5,Bank Fees,2026-07-01 18:20:03.515824
5a40dfb1-d6da-4f19-be8e-a632bbc55380,f38b2ffc-80a4-4f5a-91c9-bc701e7ea419,2026-06-26,POS Aankope Intercape,-118.21,Travel,2026-07-01 18:20:03.515824
e0dff8b8-d02e-4262-a4ba-4d4370e95f0c,f38b2ffc-80a4-4f5a-91c9-bc701e7ea419,2026-06-26,POS Aankope Sasol Hatfield,-603.24,Fuel,2026-07-01 18:20:03.515824
31b6983c-38ac-4f22-a2b1-f448cbb4fd8a,f38b2ffc-80a4-4f5a-91c9-bc701e7ea419,2026-06-26,POS Aankope Telkom Mobile Data,-231.09,Airtime & Data,2026-07-01 18:20:03.515824
fa9545ae-5e10-49f8-b7f5-1f61e256b4ae,f38b2ffc-80a4-4f5a-91c9-bc701e7ea419,2026-06-26,Savings Transfer,-1500.0,Savings,2026-07-01 18:20:03.515824
8a0362b2-7f83-49f2-97b7-d0985c152932,f38b2ffc-80a4-4f5a-91c9-bc701e7ea419,2026-06-26,WOOLWORTHS FOOD WATERKLOOF,-417.37,Groceries,2026-07-01 18:20:03.515824
001058e2-7959-479a-940a-ee63da5c4846,f38b2ffc-80a4-4f5a-91c9-bc701e7ea419,2026-06-27,POS Aankope Nandos Brooklyn,-165.06,Food & Dining,2026-07-01 18:20:03.515824
a7d6ae43-5093-4fb4-8b35-c6842602e924,f38b2ffc-80a4-4f5a-91c9-bc701e7ea419,2026-06-27,POS Aankope Wimpy Menlyn,-130.4,Food & Dining,2026-07-01 18:20:03.515824
bd791971-4602-4ea8-a62a-fbbea22243cf,f38b2ffc-80a4-4f5a-91c9-bc701e7ea419,2026-06-27,POS Aankope Woolworths Food Wa,-214.72,Other,2026-07-01 18:20:03.515824
c241474e-2640-48ee-b4ba-e3411613a862,f38b2ffc-80a4-4f5a-91c9-bc701e7ea419,2026-06-28,City of Tshwane Prepaid Elec,-721.0,Utilities,2026-07-01 18:20:03.515824
371ef161-81e0-41b4-8537-d200ee1b93c9,f38b2ffc-80a4-4f5a-91c9-bc701e7ea419,2026-06-29,POS AANKOPE STEERS CENTURION,-161.12,Food & Dining,2026-07-01 18:20:03.515824
d65ce871-d259-41c0-bb63-d9e5d26d945c,f38b2ffc-80a4-4f5a-91c9-bc701e7ea419,2026-06-29,POS Aankope Checkers Hyper Men,-425.23,Groceries,2026-07-01 18:20:03.515824
a1bce3b6-0d5c-4b04-b38c-627b4ce643fa,f38b2ffc-80a4-4f5a-91c9-bc701e7ea419,2026-06-29,POS Purchase Dis-Chem Pharmacy,-204.39,Health & Pharmacy,2026-07-01 18:20:03.515824
303b1d62-e705-45b5-850b-cbc676bd35b1,f38b2ffc-80a4-4f5a-91c9-bc701e7ea419,2026-06-30,Monthly Account Fee,-69.0,Bank Fees,2026-07-01 18:20:03.515824
21a3c140-cf85-4820-aeac-60084bb39a92,f38b2ffc-80a4-4f5a-91c9-bc701e7ea419,2026-06-30,POS AANKOPE MTN PREPAID DATA,-265.18,Airtime & Data,2026-07-01 18:20:03.515824
c63482c2-580f-498b-9840-8dd74ed9cd11,f38b2ffc-80a4-4f5a-91c9-bc701e7ea419,2026-06-30,POS Purchase Hatfield Parking,-23.32,Parking,2026-07-01 18:20:03.515824
e16314ff-8345-4088-ae06-ae2a45f9fc80,f38b2ffc-80a4-4f5a-91c9-bc701e7ea419,2026-06-30,SPAR GARSFONTEIN,-639.0,Groceries,2026-07-01 18:20:03.515824
af664e79-812c-45e0-b100-48572f3188ea,f38b2ffc-80a4-4f5a-91c9-bc701e7ea419,2026-07-01,Debiet Order Huur Rental,-7800.0,Rent,2026-08-01 18:20:03.515824
49ff51b9-5bc7-41e5-9e3e-1a142dcc166d,f38b2ffc-80a4-4f5a-91c9-bc701e7ea419,2026-07-01,POS Purchase Vida e Caffe,-180.18,Food & Dining,2026-08-01 18:20:03.515824
7155d27c-3b62-4613-9ffb-353a09e2c79b,f38b2ffc-80a4-4f5a-91c9-bc701e7ea419,2026-07-02,POS Aankope Campus Parking,-21.15,Parking,2026-08-01 18:20:03.515824
fd47bc7a-d9e2-44aa-bb86-608f349ffbe3,f38b2ffc-80a4-4f5a-91c9-bc701e7ea419,2026-07-02,POS Purchase MTN Prepaid Data,-119.74,Airtime & Data,2026-08-01 18:20:03.515824
0503c0e7-4331-4bc0-8aa3-8db5eff7f544,f38b2ffc-80a4-4f5a-91c9-bc701e7ea419,2026-07-03,Debiet Order Discovery Insure,-1250.0,Insurance,2026-08-01 18:20:03.515824
4d637e97-23b4-49b0-80dc-6936abe9fa8e,f38b2ffc-80a4-4f5a-91c9-bc701e7ea419,2026-07-05,Debiet Order Virgin Active,-499.0,Gym,2026-08-01 18:20:03.515824
ea7f1f8c-99da-48bf-987f-d76e087984a1,f38b2ffc-80a4-4f5a-91c9-bc701e7ea419,2026-07-05,Debonairs Pizza,-111.55,Food & Dining,2026-08-01 18:20:03.515824
4ae20842-c4a0-41c4-85ce-bab5f9e93d13,f38b2ffc-80a4-4f5a-91c9-bc701e7ea419,2026-07-05,POS AANKOPE PICK N PAY BROOKLY,-411.65,Groceries,2026-08-01 18:20:03.515824
0e56121c-e3b7-49a2-89b6-472fa0d3f48e,f38b2ffc-80a4-4f5a-91c9-bc701e7ea419,2026-07-05,POS Aankope BP Centurion,-387.95,Fuel,2026-08-01 18:20:03.515824
7f3ce50b-a306-411f-b3c2-6535b4337254,f38b2ffc-80a4-4f5a-91c9-bc701e7ea419,2026-07-06,OCEAN BASKET,-94.37,Food & Dining,2026-08-01 18:20:03.515824
327b2c07-1771-4019-98dd-e29c4791ab3a,f38b2ffc-80a4-4f5a-91c9-bc701e7ea419,2026-07-06,POS AANKOPE PICK N PAY BROOKLY,-221.11,Groceries,2026-08-01 18:20:03.515824
493f1986-f090-4f99-bc80-1fa39433524f,f38b2ffc-80a4-4f5a-91c9-bc701e7ea419,2026-07-06,POS Aankope Parkade Menlyn,-23.99,Parking,2026-08-01 18:20:03.515824
06106b63-c7fd-42dc-91fd-c6d511f1f335,f38b2ffc-80a4-4f5a-91c9-bc701e7ea419,2026-07-07,Debiet Order Webafrica Fibre,-899.0,Internet & Subscriptions,2026-08-01 18:20:03.515824
e023925e-50d6-473d-a3f6-291ff7e011e4,f38b2ffc-80a4-4f5a-91c9-bc701e7ea419,2026-07-07,POS AANKOPE PICK N PAY BROOKLY,-132.29,Groceries,2026-08-01 18:20:03.515824
a00539d6-7fc2-4f6b-9f13-f80f0362a107,f38b2ffc-80a4-4f5a-91c9-bc701e7ea419,2026-07-07,POS Aankope Ster-Kinekor Menly,-231.57,Entertainment,2026-08-01 18:20:03.515824
b955b0ba-19d9-4e1e-8f84-b66113119364,f38b2ffc-80a4-4f5a-91c9-bc701e7ea419,2026-07-07,POS Aankope Uber Eats,-166.75,Food & Dining,2026-08-01 18:20:03.515824
fab4cb1b-5597-422a-a895-7a787472dd1c,f38b2ffc-80a4-4f5a-91c9-bc701e7ea419,2026-07-07,POS Purchase Yoco *Market Stal,-81.71,Other,2026-08-01 18:20:03.515824
cb5bdd8a-914a-4514-ab5c-a341b41f6fb3,f38b2ffc-80a4-4f5a-91c9-bc701e7ea419,2026-07-09,Netflix.com,-199.0,Internet & Subscriptions,2026-08-01 18:20:03.515824
17c163fc-d056-43dd-8965-905cba96df36,f38b2ffc-80a4-4f5a-91c9-bc701e7ea419,2026-07-09,POS Aankope Pick n Pay Brookly,-147.41,Groceries,2026-08-01 18:20:03.515824
4daf9b83-925b-4fdb-8271-277142c9da20,f38b2ffc-80a4-4f5a-91c9-bc701e7ea419,2026-07-10,City of Tshwane Prepaid Elec,-683.0,Utilities,2026-08-01 18:20:03.515824
2532b885-5b6c-4575-97d2-82492a0a822a,f38b2ffc-80a4-4f5a-91c9-bc701e7ea419,2026-07-10,POS Aankope Shoprite Centurion,-274.11,Groceries,2026-08-01 18:20:03.515824
c75b11c5-a953-46a1-a422-139fa999b7b0,f38b2ffc-80a4-4f5a-91c9-bc701e7ea419,2026-07-10,POS Aankope Steers Centurion,-140.12,Food & Dining,2026-08-01 18:20:03.515824
42477628-ca3e-4f82-9d73-6c646802eed7,f38b2ffc-80a4-4f5a-91c9-bc701e7ea419,2026-07-11,POS Aankope Checkers Hyper Men,-277.23,Groceries,2026-08-01 18:20:03.515824
fa8b3d2f-8afc-4d86-aaa5-23a11e51412e,f38b2ffc-80a4-4f5a-91c9-bc701e7ea419,2026-07-11,POS Purchase TotalEnergies N1,-731.17,Fuel,2026-08-01 18:20:03.515824
0ea41ffe-7663-4737-bf7b-766b370b44fd,f38b2ffc-80a4-4f5a-91c9-bc701e7ea419,2026-07-11,Spotify,-79.99,Internet & Subscriptions,2026-08-01 18:20:03.515824
3e603f60-8903-43a0-be53-2e20c4274d7c,f38b2ffc-80a4-4f5a-91c9-bc701e7ea419,2026-07-12,POS Aankope Takealot,-942.88,Shopping,2026-08-01 18:20:03.515824
f7509863-fdd1-4633-8191-d4a795a4341f,f38b2ffc-80a4-4f5a-91c9-bc701e7ea419,2026-07-12,POS Purchase Clicks Pharmacy,-217.68,Health & Pharmacy,2026-08-01 18:20:03.515824
a0f1528c-8dd6-41d0-8ce9-8c056f330f9b,f38b2ffc-80a4-4f5a-91c9-bc701e7ea419,2026-07-13,POS Purchase Spar Garsfontein,-182.53,Groceries,2026-08-01 18:20:03.515824
ec9ffe4b-8b4b-42bf-bf25-6bb5d6991281,f38b2ffc-80a4-4f5a-91c9-bc701e7ea419,2026-07-13,POS Purchase Spar Garsfontein,-182.53,Groceries,2026-08-01 18:20:03.515824
8b40420f-2490-4145-a438-f48be262c50a,f38b2ffc-80a4-4f5a-91c9-bc701e7ea419,2026-07-13,Shoprite Centurion,-430.24,Groceries,2026-08-01 18:20:03.515824
ed80e709-b3bc-4833-a154-1f27527053de,f38b2ffc-80a4-4f5a-91c9-bc701e7ea419,2026-07-14,POS Purchase Vida e Caffe,-126.32,Food & Dining,2026-08-01 18:20:03.515824
f92e0427-7093-4eec-8c07-3d15a16cedc7,f38b2ffc-80a4-4f5a-91c9-bc701e7ea419,2026-07-16,Elektroniese Oorbetaling Ma,-800.0,Family,2026-08-01 18:20:03.515824
94ca4d74-9c9d-4f32-a093-854b2ebb1bc8,f38b2ffc-80a4-4f5a-91c9-bc701e7ea419,2026-07-16,POS Aankope Shoprite Centurion,-230.44,Groceries,2026-08-01 18:20:03.515824
4b5e7995-87d2-49bf-a89a-b41058dc7e8a,f38b2ffc-80a4-4f5a-91c9-bc701e7ea419,2026-07-16,POS Aankope Woolworths Food Wa,-629.35,Groceries,2026-08-01 18:20:03.515824
7e9ce713-ccc6-44ef-a531-c540d61db188,f38b2ffc-80a4-4f5a-91c9-bc701e7ea419,2026-07-18,City of Tshwane Prepaid Elec,-587.0,Utilities,2026-08-01 18:20:03.515824
283fe47d-c5a5-4c0a-8e68-519cade68a3f,f38b2ffc-80a4-4f5a-91c9-bc701e7ea419,2026-07-19,POS AANKOPE CHECKERS HYPER MEN,-556.95,Groceries,2026-08-01 18:20:03.515824
550e98fe-6f60-4ae7-8ad8-e5a1f11f9d7b,f38b2ffc-80a4-4f5a-91c9-bc701e7ea419,2026-07-19,Pick n Pay Brooklyn,-268.37,Groceries,2026-08-01 18:20:03.515824
21e6ee9c-bcac-4b6b-bf16-41ae4dd8951c,f38b2ffc-80a4-4f5a-91c9-bc701e7ea419,2026-07-20,POS Aankope Makro,-880.15,Shopping,2026-08-01 18:20:03.515824
19c4fabe-a612-47be-9539-dee042d669af,f38b2ffc-80a4-4f5a-91c9-bc701e7ea419,2026-07-20,POS PURCHASE VODACOM AIRTIME,-149.52,Airtime & Data,2026-08-01 18:20:03.515824
f250bfc3-7d90-4f94-9d97-ceae5ee2e0ca,f38b2ffc-80a4-4f5a-91c9-bc701e7ea419,2026-07-20,POS Purchase Engen Garsfontein,-385.88,Fuel,2026-08-01 18:20:03.515824
eb82877d-4783-4ceb-8f67-504c62d5678a,f38b2ffc-80a4-4f5a-91c9-bc701e7ea419,2026-07-22,POS Purchase BP Centurion,-658.28,Fuel,2026-08-01 18:20:03.515824
40dbfe4c-611f-491a-9a16-af3abba4bc28,f38b2ffc-80a4-4f5a-91c9-bc701e7ea419,2026-07-23,POS Aankope Intercape,-177.55,Travel,2026-08-01 18:20:03.515824
c2e0617d-2d80-42b1-aa22-d4badd7f5e65,f38b2ffc-80a4-4f5a-91c9-bc701e7ea419,2026-07-23,POS Aankope Nandos Brooklyn,-215.49,Food & Dining,2026-08-01 18:20:03.515824
fc1659d1-7d12-4564-ae5c-4782ae425a5b,f38b2ffc-80a4-4f5a-91c9-bc701e7ea419,2026-07-23,POS Purchase Sasol Hatfield,-636.01,Fuel,2026-08-01 18:20:03.515824
b40ce100-ed93-456a-9f89-7baf73c1d2bf,f38b2ffc-80a4-4f5a-91c9-bc701e7ea419,2026-07-24,HATFIELD PARKING,-20.4,Parking,2026-08-01 18:20:03.515824
12775fd4-59a7-4778-9eee-fabf58ddc4ba,f38b2ffc-80a4-4f5a-91c9-bc701e7ea419,2026-07-24,POS Aankope KFC Lyttelton,-267.67,Food & Dining,2026-08-01 18:20:03.515824
7977297b-aed8-4552-a054-fcc592479b23,f38b2ffc-80a4-4f5a-91c9-bc701e7ea419,2026-07-24,POS PURCHASE SPAR GARSFONTEIN,-133.69,Groceries,2026-08-01 18:20:03.515824
fde48df1-78a3-4234-853c-5220b1fdd3f2,f38b2ffc-80a4-4f5a-91c9-bc701e7ea419,2026-07-24,POS Purchase UP Bookshop,-457.88,Education,2026-08-01 18:20:03.515824
86e1de84-75f0-4712-b8ca-15082d4d3635,f38b2ffc-80a4-4f5a-91c9-bc701e7ea419,2026-07-25,POS Aankope Spur Hazelwood,-211.66,Food & Dining,2026-08-01 18:20:03.515824
d2bbbbe7-cca0-42fe-ae9b-e17558d48636,f38b2ffc-80a4-4f5a-91c9-bc701e7ea419,2026-07-25,Salaris Kredietoorbetaling,29816.96,Income,2026-08-01 18:20:03.515824
39547fc4-f64e-4794-af97-c8ff9191f12d,f38b2ffc-80a4-4f5a-91c9-bc701e7ea419,2026-07-26,STER-KINEKOR MENLYN,-238.33,Entertainment,2026-08-01 18:20:03.515824
bd4633c6-d764-4e19-a6a9-e7e62595bdd3,f38b2ffc-80a4-4f5a-91c9-bc701e7ea419,2026-07-26,Savings Transfer,-1500.0,Savings,2026-08-01 18:20:03.515824
59675284-e237-435f-9961-f1836b7af802,f38b2ffc-80a4-4f5a-91c9-bc701e7ea419,2026-07-27,POS AANKOPE PARKADE MENLYN,-33.01,Parking,2026-08-01 18:20:03.515824
8a42d18f-b221-4233-a9a5-e8c91df9b097,f38b2ffc-80a4-4f5a-91c9-bc701e7ea419,2026-07-27,POS Aankope Dis-Chem Pharmacy,-204.53,Health & Pharmacy,2026-08-01 18:20:03.515824
06bcdd15-5942-4e9e-bb03-b452c43bba35,f38b2ffc-80a4-4f5a-91c9-bc701e7ea419,2026-07-28,POS Aankope Hatfield Parking,-16.9,Parking,2026-08-01 18:20:03.515824
c8be8b36-78b7-4fc2-8e24-bc1b8643e70a,f38b2ffc-80a4-4f5a-91c9-bc701e7ea419,2026-07-28,POS Purchase Builders Express,-1018.75,Shopping,2026-08-01 18:20:03.515824
38011be7-eb4d-4e58-ab47-4b1ccfe5c229,f38b2ffc-80a4-4f5a-91c9-bc701e7ea419,2026-07-29,Pick n Pay Brooklyn,-106.0,Groceries,2026-08-01 18:20:03.515824
a9e67408-3d95-425b-b558-1cff80d670c8,f38b2ffc-80a4-4f5a-91c9-bc701e7ea419,2026-07-30,POS Aankope Spur Hazelwood,-254.03,Other,2026-08-01 18:20:03.515824
d7db35a3-307c-4804-92be-48f8b60c80f8,f38b2ffc-80a4-4f5a-91c9-bc701e7ea419,2026-07-30,POS Aankope Unknown Merchant,-162.65,Other,2026-08-01 18:20:03.515824
598f2e8c-5e75-436e-9adc-492db4f49e2a,f38b2ffc-80a4-4f5a-91c9-bc701e7ea419,2026-07-31,Monthly Account Fee,-69.0,Bank Fees,2026-08-01 18:20:03.515824
37d34410-4f2d-41b6-ba1f-3187e28c0c9f,f38b2ffc-80a4-4f5a-91c9-bc701e7ea419,2026-07-31,Uber Eats,-228.49,Food & Dining,2026-08-01 18:20:03.515824
cfbf6c30-b5ce-455d-a0a4-68411fb34869,f38b2ffc-80a4-4f5a-91c9-bc701e7ea419,2026-08-01,Debiet Order Huur Rental,-7800.0,Rent,2026-09-01 18:20:03.515824
d8b5dfd7-af5d-4c16-94f3-0e785b59fa18,f38b2ffc-80a4-4f5a-91c9-bc701e7ea419,2026-08-02,GAUTRAIN,-200.03,Travel,2026-09-01 18:20:03.515824
2d3ab45e-0bce-4eb7-aac7-b9899f76af5b,f38b2ffc-80a4-4f5a-91c9-bc701e7ea419,2026-08-02,Steers Centurion,-274.82,Food & Dining,2026-09-01 18:20:03.515824
924a3a09-2110-481a-a199-1d4ec30c6f7c,f38b2ffc-80a4-4f5a-91c9-bc701e7ea419,2026-08-03,Debiet Order Discovery Insure,-1250.0,Insurance,2026-09-01 18:20:03.515824
ab0299d9-7f95-45e8-bf36-f450fca64c5f,f38b2ffc-80a4-4f5a-91c9-bc701e7ea419,2026-08-03,Dstv Showmax Rental,-109.72,Entertainment,2026-09-01 18:20:03.515824
732d416e-94a9-4eb9-b1d5-cccfe72149e3,f38b2ffc-80a4-4f5a-91c9-bc701e7ea419,2026-08-03,POS Purchase Campus Parking,-23.07,Parking,2026-09-01 18:20:03.515824
dda1f41c-67df-4edc-97f7-a85361c8f413,f38b2ffc-80a4-4f5a-91c9-bc701e7ea419,2026-08-03,Parkade Menlyn,-20.94,Parking,2026-09-01 18:20:03.515824
5e02be7b-b6a9-450f-9e81-0cd0e79b1227,f38b2ffc-80a4-4f5a-91c9-bc701e7ea419,2026-08-04,POS Aankope Uber Eats,-203.5,Food & Dining,2026-09-01 18:20:03.515824
2bf074e6-b38d-4fea-b53b-14d74b407854,f38b2ffc-80a4-4f5a-91c9-bc701e7ea419,2026-08-05,Debiet Order Virgin Active,-499.0,Gym,2026-09-01 18:20:03.515824
5a9e718d-c7c6-4278-ae6a-dc7429a513c0,f38b2ffc-80a4-4f5a-91c9-bc701e7ea419,2026-08-06,POS Aankope Amazon,-745.22,Shopping,2026-09-01 18:20:03.515824
2234582a-75fa-400f-b6cc-9b5f6ee51d80,f38b2ffc-80a4-4f5a-91c9-bc701e7ea419,2026-08-07,City of Tshwane Prepaid Elec,-689.0,Utilities,2026-09-01 18:20:03.515824
845d1c8d-71eb-45d5-8539-701115d68e98,f38b2ffc-80a4-4f5a-91c9-bc701e7ea419,2026-08-07,Debiet Order Webafrica Fibre,-899.0,Internet & Subscriptions,2026-09-01 18:20:03.515824
dc497972-7fa9-4df1-9d49-4bdaa51da2bd,f38b2ffc-80a4-4f5a-91c9-bc701e7ea419,2026-08-07,POS Aankope Checkers Hyper Men,-303.22,Groceries,2026-09-01 18:20:03.515824
21024f42-e94a-4a97-9138-594405b1c282,f38b2ffc-80a4-4f5a-91c9-bc701e7ea419,2026-08-07,POS Aankope Mr D Food,-181.49,Food & Dining,2026-09-01 18:20:03.515824
0f2647d8-c902-41e2-9f1e-b84fd75dadd7,f38b2ffc-80a4-4f5a-91c9-bc701e7ea419,2026-08-07,POS Purchase Ocean Basket,-231.41,Other,2026-09-01 18:20:03.515824
9594fd41-d890-4d70-a798-9b2cf1c948fa,f38b2ffc-80a4-4f5a-91c9-bc701e7ea419,2026-08-07,POS Purchase Spar Garsfontein,-325.29,Groceries,2026-09-01 18:20:03.515824
be89e5f0-ce0b-41c3-b11e-5e5796cf41bc,f38b2ffc-80a4-4f5a-91c9-bc701e7ea419,2026-08-08,Checkers Hyper Menlyn,-95.31,Groceries,2026-09-01 18:20:03.515824
e0bef7b6-ffe3-4633-b2f8-8725b8adbcec,f38b2ffc-80a4-4f5a-91c9-bc701e7ea419,2026-08-08,POS Aankope KFC Lyttelton,-155.51,Food & Dining,2026-09-01 18:20:03.515824
7b42e185-710a-405b-9acf-26d151deb076,f38b2ffc-80a4-4f5a-91c9-bc701e7ea419,2026-08-08,POS Aankope Shoprite Centurion,-147.77,Groceries,2026-09-01 18:20:03.515824
48fc6caf-723f-4049-8964-512f61051bf9,f38b2ffc-80a4-4f5a-91c9-bc701e7ea419,2026-08-09,EFT Freelance Payment,2293.74,Income,2026-09-01 18:20:03.515824
6254d1f4-d4ad-41c7-b273-b1f05cc0f355,f38b2ffc-80a4-4f5a-91c9-bc701e7ea419,2026-08-09,Netflix.com,-199.0,Internet & Subscriptions,2026-09-01 18:20:03.515824
c17dbd08-a288-4a80-9395-c7a7545ffe54,f38b2ffc-80a4-4f5a-91c9-bc701e7ea419,2026-08-09,POS AANKOPE WOOLWORTHS FOOD WA,-209.92,Groceries,2026-09-01 18:20:03.515824
8764e6f7-1555-4331-8cf2-26ee06b4a914,f38b2ffc-80a4-4f5a-91c9-bc701e7ea419,2026-08-10,CHECKERS HYPER MENLYN,-133.76,Groceries,2026-09-01 18:20:03.515824
7aceb1fc-948e-428f-b1bf-1c2f5956e6fd,f38b2ffc-80a4-4f5a-91c9-bc701e7ea419,2026-08-10,POS Purchase Hatfield Parking,-26.89,Parking,2026-09-01 18:20:03.515824
9b709fd7-bcd2-4ceb-9bdb-fcee60155cd1,f38b2ffc-80a4-4f5a-91c9-bc701e7ea419,2026-08-11,Spotify,-79.99,Internet & Subscriptions,2026-09-01 18:20:03.515824
bb47405e-b9a6-48e5-96c4-26ea8ed3c473,f38b2ffc-80a4-4f5a-91c9-bc701e7ea419,2026-08-12,PICK N PAY BROOKLYN,-313.8,Groceries,2026-09-01 18:20:03.515824
a190dd6f-1593-48f2-9167-8efb1ce7f431,f38b2ffc-80a4-4f5a-91c9-bc701e7ea419,2026-08-13,POS AANKOPE ENGEN GARSFONTEIN,-532.99,Fuel,2026-09-01 18:20:03.515824
2df0bbe5-b3ea-4aa1-9054-152efe66bd2b,f38b2ffc-80a4-4f5a-91c9-bc701e7ea419,2026-08-13,POS Aankope Vida e Caffe,-185.69,Food & Dining,2026-09-01 18:20:03.515824
34642104-96c2-40d3-981f-b7ad773fb1c6,f38b2ffc-80a4-4f5a-91c9-bc701e7ea419,2026-08-13,POS Purchase Cell C Airtime,-141.58,Airtime & Data,2026-09-01 18:20:03.515824
3c5a25e6-570a-4cff-a0e2-e9e71747e70a,f38b2ffc-80a4-4f5a-91c9-bc701e7ea419,2026-08-15,Dstv Showmax Rental,-236.63,Entertainment,2026-09-01 18:20:03.515824
36e60384-1f96-49a3-8584-807618bf485a,f38b2ffc-80a4-4f5a-91c9-bc701e7ea419,2026-08-16,Elektroniese Oorbetaling Ma,-600.0,Family,2026-09-01 18:20:03.515824
77a18d8d-d750-4df4-9fe6-6bd60a474223,f38b2ffc-80a4-4f5a-91c9-bc701e7ea419,2026-08-16,IB Transfer To Acc *4417,-800.0,Transfers,2026-09-01 18:20:03.515824
6a03b05b-88a5-4fe1-b8c9-3fea1be0a1b2,f38b2ffc-80a4-4f5a-91c9-bc701e7ea419,2026-08-18,POS Aankope Sportscene,-610.1,Clothing & Beauty,2026-09-01 18:20:03.515824
b6adf735-ba6f-43b7-a4f3-3cf35e027463,f38b2ffc-80a4-4f5a-91c9-bc701e7ea419,2026-08-19,Cash Withdrawal Fee,-12.5,Bank Fees,2026-09-01 18:20:03.515824
0d461597-0c2b-4fab-9d6f-91ce65c3db88,f38b2ffc-80a4-4f5a-91c9-bc701e7ea419,2026-08-19,PEP Home,-503.25,Shopping,2026-09-01 18:20:03.515824
2f4869bd-6df4-44e4-a2f5-e940f82a64ab,f38b2ffc-80a4-4f5a-91c9-bc701e7ea419,2026-08-20,POS Purchase Medirite Pharmacy,-516.15,Health & Pharmacy,2026-09-01 18:20:03.515824
3f87adad-32f2-4a43-bbd1-e7d6ea17ec8d,f38b2ffc-80a4-4f5a-91c9-bc701e7ea419,2026-08-21,Hatfield Parking,-22.23,Parking,2026-09-01 18:20:03.515824
56fe18a1-506b-415a-8862-f221d67580a0,f38b2ffc-80a4-4f5a-91c9-bc701e7ea419,2026-08-21,Woolworths Food Waterkloof,-402.86,Groceries,2026-09-01 18:20:03.515824
af4c9d5f-2fa3-4a2c-9252-18a414385a70,f38b2ffc-80a4-4f5a-91c9-bc701e7ea419,2026-08-21,Yoco *Market Stall,-85.35,Other,2026-09-01 18:20:03.515824
0baa4c62-2841-4f60-85f4-ba3873dfa9bb,f38b2ffc-80a4-4f5a-91c9-bc701e7ea419,2026-08-22,POS Aankope Campus Parking,-28.55,Parking,2026-09-01 18:20:03.515824
21a86fc0-e259-4cad-86c5-62383120aff9,f38b2ffc-80a4-4f5a-91c9-bc701e7ea419,2026-08-22,POS Purchase Pick n Pay Brookl,-626.24,Groceries,2026-09-01 18:20:03.515824
c6ea837a-54d1-478b-a2e5-0e713fcfc549,f38b2ffc-80a4-4f5a-91c9-bc701e7ea419,2026-08-22,Steers Centurion,-214.98,Food & Dining,2026-09-01 18:20:03.515824
daf045a0-8487-4d3b-8c27-13e679dca694,f38b2ffc-80a4-4f5a-91c9-bc701e7ea419,2026-08-23,POS Purchase Wimpy Menlyn,-275.24,Food & Dining,2026-09-01 18:20:03.515824
d0b95e0b-734f-446b-ab8b-2e30fc242cac,f38b2ffc-80a4-4f5a-91c9-bc701e7ea419,2026-08-24,Checkers Hyper Menlyn,-332.2,Groceries,2026-09-01 18:20:03.515824
403ea69f-78b0-49b7-8400-086f4906ed60,f38b2ffc-80a4-4f5a-91c9-bc701e7ea419,2026-08-25,POS Purchase Campus Parking,-32.69,Parking,2026-09-01 18:20:03.515824
b65af855-8d58-48c0-b1d3-c89b041cdea9,f38b2ffc-80a4-4f5a-91c9-bc701e7ea419,2026-08-25,Salary Credit ACME PTY LTD,29850.6,Income,2026-09-01 18:20:03.515824
83e7343a-2e4e-4151-b996-277ef79788fd,f38b2ffc-80a4-4f5a-91c9-bc701e7ea419,2026-08-25,Spur Hazelwood,-141.46,Food & Dining,2026-09-01 18:20:03.515824
ce9998ff-8fbf-47a5-9ff3-1f54207243a2,f38b2ffc-80a4-4f5a-91c9-bc701e7ea419,2026-08-26,POS Aankope PayFast *Online,-113.6,Other,2026-09-01 18:20:03.515824
248be369-73c7-4b50-9892-15df51bc88d5,f38b2ffc-80a4-4f5a-91c9-bc701e7ea419,2026-08-26,Savings Transfer,-1500.0,Savings,2026-09-01 18:20:03.515824
3596b0f4-7d99-4308-963b-595f349648d3,f38b2ffc-80a4-4f5a-91c9-bc701e7ea419,2026-08-27,City of Tshwane Prepaid Elec,-731.0,Utilities,2026-09-01 18:20:03.515824
124648a5-263b-46e9-9521-fc333c4e44d0,f38b2ffc-80a4-4f5a-91c9-bc701e7ea419,2026-08-27,POS Aankope Spur Hazelwood,-237.33,Other,2026-09-01 18:20:03.515824
04c327d8-eee4-403d-a553-9ade985c5385,f38b2ffc-80a4-4f5a-91c9-bc701e7ea419,2026-08-27,POS PURCHASE SHELL ULTRA CITY,-542.58,Fuel,2026-09-01 18:20:03.515824
0323c5e7-456d-4bee-b1aa-16581384eb06,f38b2ffc-80a4-4f5a-91c9-bc701e7ea419,2026-08-29,POS Aankope Engen Garsfontein,-589.73,Fuel,2026-09-01 18:20:03.515824
5b0289f2-f41b-4d90-a5ac-8adc483d5342,f38b2ffc-80a4-4f5a-91c9-bc701e7ea419,2026-08-29,POS Aankope Sasol Hatfield,-433.67,Fuel,2026-09-01 18:20:03.515824
6eb9080e-5df9-465a-a7ee-9bbb7d4f065b,f38b2ffc-80a4-4f5a-91c9-bc701e7ea419,2026-08-30,POS Aankope Checkers Hyper Men,-320.08,Groceries,2026-09-01 18:20:03.515824
5d565541-e561-4f14-821f-e8b58441971c,f38b2ffc-80a4-4f5a-91c9-bc701e7ea419,2026-08-31,Monthly Account Fee,-69.0,Bank Fees,2026-09-01 18:20:03.515824
0f11ed65-7f4a-479b-bc21-765344b5acde,f38b2ffc-80a4-4f5a-91c9-bc701e7ea419,2026-08-31,POS AANKOPE MR D FOOD,-205.34,Food & Dining,2026-09-01 18:20:03.515824
7065baac-7bf0-4e27-a1c5-c129a31b711b,f38b2ffc-80a4-4f5a-91c9-bc701e7ea419,2026-08-31,POS PURCHASE VODACOM AIRTIME,-228.48,Airtime & Data,2026-09-01 18:20:03.515824
752aa17e-59a1-42f5-8756-8ef983aab1a7,f38b2ffc-80a4-4f5a-91c9-bc701e7ea419,2026-08-31,POS Purchase Debonairs Pizza,-165.11,Food & Dining,2026-09-01 18:20:03.515824
40601ce2-cdae-49c8-bb0a-c43466c48c4f,f38b2ffc-80a4-4f5a-91c9-bc701e7ea419,2026-08-31,POS Purchase Woolworths Food W,-246.48,Groceries,2026-09-01 18:20:03.515824
ff571c4e-0b92-4235-885d-0f2f1c9e1463,f38b2ffc-80a4-4f5a-91c9-bc701e7ea419,2026-08-31,Pick n Pay Brooklyn,-152.91,Groceries,2026-09-01 18:20:03.515824
996e81e8-4f40-4032-b2a9-30dc0c0fb3f3,f38b2ffc-80a4-4f5a-91c9-bc701e7ea419,2026-09-01,Debiet Order Huur Rental,-7800.0,Rent,2026-10-01 18:20:03.515824
eb5dad6c-753a-40ef-92e7-c1d4d0c2acb2,f38b2ffc-80a4-4f5a-91c9-bc701e7ea419,2026-09-02,Campus Parking,-15.15,Parking,2026-10-01 18:20:03.515824
21539c7c-ac74-42d0-813e-b6196e307ed8,f38b2ffc-80a4-4f5a-91c9-bc701e7ea419,2026-09-02,POS AANKOPE WIMPY MENLYN,-268.88,Food & Dining,2026-10-01 18:20:03.515824
a48f5fbc-6bdc-4744-9c7d-d30eb97c2e3f,f38b2ffc-80a4-4f5a-91c9-bc701e7ea419,2026-09-02,POS AANKOPE WIMPY MENLYN,-268.88,Food & Dining,2026-10-01 18:20:03.515824
e8edeb6d-1ddc-4e09-b2bb-333898d5050d,f38b2ffc-80a4-4f5a-91c9-bc701e7ea419,2026-09-02,POS PURCHASE ADMYT PARKING,-38.21,Parking,2026-10-01 18:20:03.515824
ee5c3ad1-78bd-45e7-9877-85b858762108,f38b2ffc-80a4-4f5a-91c9-bc701e7ea419,2026-09-02,POS PURCHASE TOTALENERGIES N1,-493.28,Fuel,2026-10-01 18:20:03.515824
77dae49d-b6d9-42e4-86e1-a32b51ba3d62,f38b2ffc-80a4-4f5a-91c9-bc701e7ea419,2026-09-03,City of Tshwane Prepaid Elec,-593.0,Utilities,2026-10-01 18:20:03.515824
2c3cd6d1-715c-41aa-9337-bf0afd12a2b4,f38b2ffc-80a4-4f5a-91c9-bc701e7ea419,2026-09-03,Cotton On,-294.06,Clothing & Beauty,2026-10-01 18:20:03.515824
2660cd98-cff0-4d80-a392-65131f6c996c,f38b2ffc-80a4-4f5a-91c9-bc701e7ea419,2026-09-03,Debiet Order Discovery Insure,-1250.0,Insurance,2026-10-01 18:20:03.515824
bf2e374f-33f4-422f-8a7a-cb4ce5451436,f38b2ffc-80a4-4f5a-91c9-bc701e7ea419,2026-09-03,POS AANKOPE WIMPY MENLYN,-331.17,Food & Dining,2026-10-01 18:20:03.515824
66ebd30c-b98b-423a-aeef-c13b69bd5b33,f38b2ffc-80a4-4f5a-91c9-bc701e7ea419,2026-09-04,POS Aankope Admyt Parking,-19.77,Parking,2026-10-01 18:20:03.515824
34414c06-5479-4c59-80b9-08c777db48e4,f38b2ffc-80a4-4f5a-91c9-bc701e7ea419,2026-09-04,POS Aankope Spar Garsfontein,-109.81,Groceries,2026-10-01 18:20:03.515824
8dc1834d-aa77-4d74-885f-28b0798ee2ca,f38b2ffc-80a4-4f5a-91c9-bc701e7ea419,2026-09-04,POS PURCHASE MR D FOOD,-55.29,Food & Dining,2026-10-01 18:20:03.515824
8df0711f-2c7d-431a-bb44-4c6d6de5618f,f38b2ffc-80a4-4f5a-91c9-bc701e7ea419,2026-09-05,Debiet Order Virgin Active,-499.0,Gym,2026-10-01 18:20:03.515824
7c301eaf-4fb4-445b-8a35-ef9d21a615c2,f38b2ffc-80a4-4f5a-91c9-bc701e7ea419,2026-09-06,POS Aankope Woolworths Food Wa,-606.75,Groceries,2026-10-01 18:20:03.515824
70f8f3f1-1052-4e9b-846a-9e852bb36e26,f38b2ffc-80a4-4f5a-91c9-bc701e7ea419,2026-09-06,Vida e Caffe,-137.05,Food & Dining,2026-10-01 18:20:03.515824
032af872-b344-4c9c-a9ad-957a7ec498aa,f38b2ffc-80a4-4f5a-91c9-bc701e7ea419,2026-09-07,Debiet Order Webafrica Fibre,-899.0,Internet & Subscriptions,2026-10-01 18:20:03.515824
c3cf8ffb-df31-4444-93f6-34d036d95c6a,f38b2ffc-80a4-4f5a-91c9-bc701e7ea419,2026-09-07,POS AANKOPE MEDIRITE PHARMACY,-373.52,Health & Pharmacy,2026-10-01 18:20:03.515824
7de8d680-f3f1-424b-a8eb-e8c999acd678,f38b2ffc-80a4-4f5a-91c9-bc701e7ea419,2026-09-07,Parkade Menlyn,-33.43,Parking,2026-10-01 18:20:03.515824
fbac644c-a2ef-433a-80be-b1be26fcdfc0,f38b2ffc-80a4-4f5a-91c9-bc701e7ea419,2026-09-09,BP CENTURION,-701.38,Fuel,2026-10-01 18:20:03.515824
d4996d75-7488-4f08-b223-b2da61881d08,f38b2ffc-80a4-4f5a-91c9-bc701e7ea419,2026-09-09,City of Tshwane Prepaid Elec,-610.0,Utilities,2026-10-01 18:20:03.515824
3cb24eff-794f-4d99-b42e-e4f06f0b9cd7,f38b2ffc-80a4-4f5a-91c9-bc701e7ea419,2026-09-09,EFT Freelance Payment,2301.41,Income,2026-10-01 18:20:03.515824
857e88c5-f44d-4481-b4a6-07367186ec70,f38b2ffc-80a4-4f5a-91c9-bc701e7ea419,2026-09-09,Netflix.com,-199.0,Internet & Subscriptions,2026-10-01 18:20:03.515824
50283418-e09b-4d4c-81fa-ee8aa3fb2435,f38b2ffc-80a4-4f5a-91c9-bc701e7ea419,2026-09-10,Debonairs Pizza,-65.6,Food & Dining,2026-10-01 18:20:03.515824
f3959a5d-425a-42d0-8535-f5e637328b4b,f38b2ffc-80a4-4f5a-91c9-bc701e7ea419,2026-09-10,POS Aankope Bolt Ride,-295.83,Travel,2026-10-01 18:20:03.515824
246de81d-79b7-464a-ba26-65692b42bf15,f38b2ffc-80a4-4f5a-91c9-bc701e7ea419,2026-09-10,POS PURCHASE SPAR GARSFONTEIN,-265.9,Groceries,2026-10-01 18:20:03.515824
ffb19ab9-a2a3-48fa-955c-ab670b32fd2c,f38b2ffc-80a4-4f5a-91c9-bc701e7ea419,2026-09-11,POS Aankope Uber Trip,-86.56,Travel,2026-10-01 18:20:03.515824
cf088062-22e5-4f0f-aea1-e26eff430650,f38b2ffc-80a4-4f5a-91c9-bc701e7ea419,2026-09-11,Spotify,-79.99,Internet & Subscriptions,2026-10-01 18:20:03.515824
191e884c-45f1-499d-bb6b-c1706cdda431,f38b2ffc-80a4-4f5a-91c9-bc701e7ea419,2026-09-13,POS PURCHASE PEP HOME,-347.78,Shopping,2026-10-01 18:20:03.515824
ad4dad6d-31f2-4207-8238-2802de132907,f38b2ffc-80a4-4f5a-91c9-bc701e7ea419,2026-09-13,POS PURCHASE PEP HOME,-681.76,Shopping,2026-10-01 18:20:03.515824
ab8b7cb5-7ed2-48c4-9721-ef1a546157cf,f38b2ffc-80a4-4f5a-91c9-bc701e7ea419,2026-09-13,POS Purchase Pick n Pay Brookl,-380.8,Groceries,2026-10-01 18:20:03.515824
5a282611-33b4-475f-8ea3-84d80d4642f4,f38b2ffc-80a4-4f5a-91c9-bc701e7ea419,2026-09-14,Elektroniese Oorbetaling Ma,-600.0,Family,2026-10-01 18:20:03.515824
3c51e41f-8073-4f7e-a347-e1ea5abacbaf,f38b2ffc-80a4-4f5a-91c9-bc701e7ea419,2026-09-14,POS AANKOPE CHECKERS HYPER MEN,-180.52,Groceries,2026-10-01 18:20:03.515824
21c9df1f-e9a4-48e4-81d5-d95983a9d2c6,f38b2ffc-80a4-4f5a-91c9-bc701e7ea419,2026-09-15,Cash Withdrawal Fee,-12.5,Bank Fees,2026-10-01 18:20:03.515824
1276fade-035f-4c8b-8b65-09080400f7b2,f38b2ffc-80a4-4f5a-91c9-bc701e7ea419,2026-09-16,POS Aankope Ster-Kinekor Menly,-177.21,Entertainment,2026-10-01 18:20:03.515824
b19e60ae-14b4-4bc6-92a8-fa19a1923465,f38b2ffc-80a4-4f5a-91c9-bc701e7ea419,2026-09-16,POS Aankope Woolworths Food Wa,-416.17,Groceries,2026-10-01 18:20:03.515824
5e96c234-24bf-4498-a91a-32d8ef89f809,f38b2ffc-80a4-4f5a-91c9-bc701e7ea419,2026-09-16,POS Aankope Woolworths Food Wa,-318.64,Groceries,2026-10-01 18:20:03.515824
dbb16513-0ab1-4939-a0e4-b76ff46ac82c,f38b2ffc-80a4-4f5a-91c9-bc701e7ea419,2026-09-16,POS Purchase BP Centurion,-745.86,Fuel,2026-10-01 18:20:03.515824
5b72250a-bea0-45a7-afb3-963901c9aa53,f38b2ffc-80a4-4f5a-91c9-bc701e7ea419,2026-09-17,POS AANKOPE STEERS CENTURION,-129.28,Food & Dining,2026-10-01 18:20:03.515824
f0e0d8cf-06f3-4cbe-ae0f-139c3f789a85,f38b2ffc-80a4-4f5a-91c9-bc701e7ea419,2026-09-18,POS Aankope Snapscan *Vendor,-229.71,Other,2026-10-01 18:20:03.515824
01f02626-88d5-42ec-a0cf-908c8f93a673,f38b2ffc-80a4-4f5a-91c9-bc701e7ea419,2026-09-18,POS Aankope Spur Hazelwood,-298.21,Food & Dining,2026-10-01 18:20:03.515824
4ba7b065-634a-49a5-808e-0f8a8378151b,f38b2ffc-80a4-4f5a-91c9-bc701e7ea419,2026-09-20,KFC Lyttelton,-138.12,Food & Dining,2026-10-01 18:20:03.515824
f8625b43-18fb-4f30-9feb-c11622954b9f,f38b2ffc-80a4-4f5a-91c9-bc701e7ea419,2026-09-20,POS PURCHASE COURSERA,-456.4,Education,2026-10-01 18:20:03.515824
66236ddd-f504-4a7a-a5eb-9c5f5da14262,f38b2ffc-80a4-4f5a-91c9-bc701e7ea419,2026-09-21,Checkers Hyper Menlyn,-289.5,Groceries,2026-10-01 18:20:03.515824
b2d0776a-ce85-48af-bcf9-2674f23b30a9,f38b2ffc-80a4-4f5a-91c9-bc701e7ea419,2026-09-21,POS Aankope Telkom Mobile Data,-177.63,Airtime & Data,2026-10-01 18:20:03.515824
d396f4c2-5034-4971-b6dc-c547b81b5256,f38b2ffc-80a4-4f5a-91c9-bc701e7ea419,2026-09-22,Spar Garsfontein,-326.74,Groceries,2026-10-01 18:20:03.515824
3dab69f6-e8a2-4fe6-bcb5-791b2b9f3249,f38b2ffc-80a4-4f5a-91c9-bc701e7ea419,2026-09-24,POS PURCHASE UNKNOWN MERCHANT,-318.06,Other,2026-10-01 18:20:03.515824
0f6f3c5a-8da2-4062-84b8-fe671b58fd2d,f38b2ffc-80a4-4f5a-91c9-bc701e7ea419,2026-09-25,POS Aankope Woolworths Food Wa,-320.33,Groceries,2026-10-01 18:20:03.515824
8b321518-ee4c-4397-95cf-4602666679c7,f38b2ffc-80a4-4f5a-91c9-bc701e7ea419,2026-09-25,Salary Credit ACME PTY LTD,29839.72,Income,2026-10-01 18:20:03.515824
7951b215-0ee3-4a3d-b0ed-309945e14546,f38b2ffc-80a4-4f5a-91c9-bc701e7ea419,2026-09-26,POS Purchase KFC Lyttelton,-144.66,Food & Dining,2026-10-01 18:20:03.515824
2374e7c2-4631-403e-bf44-c1db3b36dcaa,f38b2ffc-80a4-4f5a-91c9-bc701e7ea419,2026-09-26,Savings Transfer,-1500.0,Savings,2026-10-01 18:20:03.515824
70229df2-1844-46ab-a5b2-6b4a09713e6c,f38b2ffc-80a4-4f5a-91c9-bc701e7ea419,2026-09-26,Shoprite Centurion,-393.76,Groceries,2026-10-01 18:20:03.515824
adae6636-7777-4433-abe9-d1576ba2abf1,f38b2ffc-80a4-4f5a-91c9-bc701e7ea419,2026-09-27,POS Aankope Parkade Menlyn,-20.51,Parking,2026-10-01 18:20:03.515824
c23dcd96-cb20-4809-aec1-5ac45f4bd975,f38b2ffc-80a4-4f5a-91c9-bc701e7ea419,2026-09-27,POS Aankope Pick n Pay Brookly,-151.24,Groceries,2026-10-01 18:20:03.515824
095f2cc2-9033-409c-9e46-e35bb1a57092,f38b2ffc-80a4-4f5a-91c9-bc701e7ea419,2026-09-27,POS Purchase MTN Prepaid Data,-117.61,Airtime & Data,2026-10-01 18:20:03.515824
a84256ff-7f19-47f5-9880-07b96c63342c,f38b2ffc-80a4-4f5a-91c9-bc701e7ea419,2026-09-27,POS Purchase Parkade Menlyn,-13.47,Parking,2026-10-01 18:20:03.515824
124b3bbf-bc5f-46d9-8516-e652667add3a,f38b2ffc-80a4-4f5a-91c9-bc701e7ea419,2026-09-29,POS PURCHASE GAUTRAIN,-95.24,Travel,2026-10-01 18:20:03.515824
79884fbf-5382-43d5-8797-4c92166e3020,f38b2ffc-80a4-4f5a-91c9-bc701e7ea419,2026-09-30,Monthly Account Fee,-69.0,Bank Fees,2026-10-01 18:20:03.515824
dea4d187-6050-4444-94f8-34087ce51bce,f38b2ffc-80a4-4f5a-91c9-bc701e7ea419,2026-09-30,POS Purchase Builders Express,-586.21,Shopping,2026-10-01 18:20:03.515824
